Start Date,End Date,Response Type,IP Address,Progress,Duration (in seconds),Finished,Recorded Date,Response ID,Recipient Last Name,Recipient First Name,Recipient Email,External Data Reference,Location Latitude,Location Longitude,Distribution Channel,User Language,מה הגיל שלך?,מה המין שלך?,מאיפה את/ה בארץ?,מה הסטטוס המשפחתי שלך?,מהי ההכנסה (נטו) ממוצעת שלך?,איך היית מתאר/ת את התפיסה העצמית ואת דימוי הגוף הנוכחיים שלך?,באיזו מידה את/ה חושב/ת שהסביבה משפיעה על תפיסת דימוי הגוף שלך?,האם את/ה חושב/ת שבובות ברבי משקפות במידה מספקת מגוון צורות וצבעים של נשים אמיתיות?,באיזו מידה לדעתך בובות הברבי משפיעות לטובה על התפיסה החברתית למודל יופי?,האם היית שוקל/ת לרכוש את בובות הברבי לילדים שלך? (באופן היפותטי במידה ואין לך ילדים),באיזו תדירות את/ה אוכל/ת מקדונלד'ס?,איך היית מתאר/ת את התפיסה הכללית שלך לגבי בריאות התפריט של מקדונלדס?,כמה קלוריות את/ה מעריך/ה שיש בהמבורגר בסיסי (לא בארוחה) של מקדונלדס?,האם את/ה מחשיב/ה כעת את מקדונלד'ס כאופציה בריאה יותר בהשוואה ללפני החשיפה הפרסומת?,האם סביר שתבחר/י במקדולנד'ס כארוחת צהריים?,כמה היית מוכן/ה לשלם על ארוחת המבורגר של מקדונלד'ס?,McDonald's,Barbie
3/10/2024 18:49,3/10/2024 18:51,IP Address,89.139.50.105,100,107,TRUE,3/10/2024 18:51,R_7mTaDLLmNr3MVBn,,,,,32.0803,34.7805,anonymous,HE,25-30,אישה,גוש דן,רווק/ה,"7,500-10,000 ₪",ניטראליים,במידה רבה,לא,במידה מועטה,כנראה שלא,לפעמים,ניטראלי,500-600,כנראה שלא,ללא שינוי,עד 50 ₪,old,old
3/10/2024 19:15,3/10/2024 19:17,IP Address,89.139.50.105,100,122,TRUE,3/10/2024 19:17,R_1lAEq78QTs4sG1o,,,,,32.0803,34.7805,anonymous,HE,18-25,אישה,גוש דן,רווק/ה,אין לי הכנסה,חיוביים,במידה רבה,כן,במידה מועטה,כנראה שכן,לפעמים,ניטראלי,300-400,ניטראלי,סביר,עד 50 ₪,old,old
3/10/2024 19:49,3/10/2024 19:56,IP Address,172.56.164.108,100,392,TRUE,3/10/2024 19:56,R_2nAon4CoGcUvCTf,,,,,40.8,-73.9763,anonymous,HE,מעל 50,גבר,אני לא גר/ה בישראל,נשוי/אה,"מעל 20,000 ₪",חיוביים,במתינות,ניטראלי,במידה רבה,כנראה שכן,לפעמים,ניטראלי,פחות מ-300,ניטראלי,ללא שינוי,עד 40 ₪,new,old
3/10/2024 19:55,3/10/2024 19:59,IP Address,47.230.81.120,100,225,TRUE,3/10/2024 19:59,R_7RX0c2SrgVmV5XM,,,,,40.7961,-73.9513,anonymous,HE,מתחת ל-18,גבר,אני לא גר/ה בישראל,רווק/ה,אין לי הכנסה,חיוביים מאוד,מעט,בהחלט כן,במתינות,ניטראלי,באופן קבוע,בריא,500-600,כנראה שכן,סביר מאוד,עד 50 ₪,old,old
3/10/2024 20:00,3/10/2024 20:03,IP Address,172.56.161.134,100,168,TRUE,3/10/2024 20:03,R_31vdrU7Jz3O51PT,,,,,40.8004,-73.9504,anonymous,HE,מעל 50,אישה,אני לא גר/ה בישראל,נשוי/אה,"5,000-7,500 ₪",חיוביים,במידה רבה,לא,בכלל לא,כנראה שלא,לפעמים,ניטראלי,300-400,ניטראלי,לא סביר,עד 40 ₪,new,old
3/10/2024 20:00,3/10/2024 20:04,IP Address,188.64.206.147,100,275,TRUE,3/10/2024 20:04,R_4FxZPUL5PtCo2ui,,,,,32.0803,34.7805,anonymous,HE,18-25,אישה,שפלה,רווק/ה,"7,500-10,000 ₪",חיוביים,במידה רבה,בכלל לא,במידה מועטה,כנראה שלא,לעיתים רחוקות,מאוד לא בריא,600-700,כנראה שלא,לא סביר,עד 40 ₪,new,new
3/10/2024 20:16,3/10/2024 20:19,IP Address,46.19.85.177,100,175,TRUE,3/10/2024 20:19,R_4QnYYIxzU7uigmz,,,,,32.0821,34.8122,anonymous,HE,40-50,אישה,שפלה,נשוי/אה,"5,000-7,500 ₪",שליליים,במתינות,לא,במתינות,ניטראלי,לעיתים רחוקות,ניטראלי,500-600,ניטראלי,לא סביר,עד 50 ₪,new,new
3/10/2024 19:49,3/10/2024 20:20,IP Address,77.126.6.231,100,1860,TRUE,3/10/2024 20:20,R_4pcfHsqK1t8O3Wf,,,,,32.0803,34.7805,anonymous,HE,25-30,גבר,שרון,גרוש/ה,"7,500-10,000 ₪",חיוביים מאוד,מעט,ניטראלי,במידה רבה,כנראה שכן,לעיתים רחוקות,לא בריא,500-600,ניטראלי,סביר,עד 40 ₪,old,old
3/10/2024 19:57,3/10/2024 20:25,IP Address,5.22.128.221,100,1691,TRUE,3/10/2024 20:25,R_1hHf64KQGcdcasx,,,,,32.0803,34.7805,anonymous,HE,30-40,גבר,גוש דן,רווק/ה,"10,000-20,000 ₪",ניטראליים,במתינות,בכלל לא,בכלל לא,בכלל לא,לפעמים,לא בריא,500-600,כנראה שלא,לא סביר כלל,עד 50 ₪,old,old
3/10/2024 20:42,3/10/2024 20:43,IP Address,2.54.181.168,100,85,TRUE,3/10/2024 20:43,R_4wtx6NLi90tiCNA,,,,,32.0803,34.7805,anonymous,HE,25-30,גבר,צפון,רווק/ה,"מעל 20,000 ₪",חיוביים מאוד,מעט,לא,במידה רבה,ניטראלי,לפעמים,ניטראלי,500-600,ניטראלי,ללא שינוי,עד 50 ₪,new,old
3/10/2024 20:44,3/10/2024 20:47,IP Address,188.64.207.21,100,152,TRUE,3/10/2024 20:47,R_4dF5o4EhDQfN2gz,,,,,32.0803,34.7805,anonymous,HE,40-50,גבר,שפלה,נשוי/אה,"מעל 20,000 ₪",חיוביים מאוד,מעט,ניטראלי,במידה רבה,באופן וודאי,לעיתים רחוקות,ניטראלי,300-400,כנראה שלא,לא סביר כלל,עד 40 ₪,new,new
3/10/2024 20:47,3/10/2024 20:49,IP Address,147.235.202.153,100,120,TRUE,3/10/2024 20:49,R_43GGrzxRxUJYnHb,,,,,31.7674,35.2186,anonymous,HE,40-50,גבר,שפלה,נשוי/אה,"10,000-20,000 ₪",חיוביים,במתינות,בכלל לא,במידה מועטה,בכלל לא,לעיתים רחוקות,לא בריא,300-400,בהחלט לא,לא סביר,עד 40 ₪,old,old
3/10/2024 20:50,3/10/2024 20:52,IP Address,147.235.55.67,100,167,TRUE,3/10/2024 20:52,R_4CCbshkhiq38bgs,,,,,32.0803,34.7805,anonymous,HE,40-50,גבר,שרון,נשוי/אה,"מעל 20,000 ₪",חיוביים,במתינות,ניטראלי,במתינות,כנראה שכן,לפעמים,לא בריא,500-600,כנראה שלא,ללא שינוי,עד 50 ₪,old,new
3/10/2024 20:51,3/10/2024 20:54,IP Address,77.137.69.197,100,207,TRUE,3/10/2024 20:54,R_2OTcSBafBmWk5vG,,,,,31.5,34.75,anonymous,HE,40-50,גבר,גוש דן,נשוי/אה,"10,000-20,000 ₪",חיוביים מאוד,בכלל לא,בכלל לא,בכלל לא,כנראה שלא,לעיתים רחוקות,לא בריא,500-600,בהחלט לא,לא סביר,עד 40 ₪,new,old
3/10/2024 20:53,3/10/2024 20:58,IP Address,77.137.79.214,100,290,TRUE,3/10/2024 20:58,R_5NJSYJqwM8lABgb,,,,,31.5,34.75,anonymous,HE,40-50,גבר,שרון,נשוי/אה,"10,000-20,000 ₪",ניטראליים,בכלל לא,לא,במתינות,כנראה שכן,לעיתים רחוקות,לא בריא,500-600,כנראה שלא,לא סביר כלל,עד 40 ₪,old,new
3/10/2024 20:55,3/10/2024 20:58,IP Address,176.12.185.2,100,171,TRUE,3/10/2024 20:58,R_2SKQC4A6haTlZjH,,,,,32.0803,34.7805,anonymous,HE,40-50,גבר,שרון,נשוי/אה,"מעל 20,000 ₪",חיוביים,במתינות,לא,במידה רבה,כנראה שכן,אף פעם לא,לא בריא,600-700,כנראה שלא,לא סביר כלל,עד 40 ₪,old,old
3/10/2024 20:57,3/10/2024 20:59,IP Address,77.137.65.70,100,128,TRUE,3/10/2024 20:59,R_2JxiEt2u08neo8l,,,,,31.5,34.75,anonymous,HE,40-50,גבר,שרון,גרוש/ה,"10,000-20,000 ₪",חיוביים,מעט,בכלל לא,במידה רבה,בכלל לא,לעיתים רחוקות,לא בריא,500-600,כנראה שלא,לא סביר,עד 40 ₪,new,old
3/10/2024 21:01,3/10/2024 21:04,IP Address,81.199.141.18,100,183,TRUE,3/10/2024 21:04,R_4RWAW2lkqgCkeOz,,,,,32.0803,34.7805,anonymous,HE,40-50,גבר,גוש דן,נשוי/אה,"10,000-20,000 ₪",שליליים,מעט,בכלל לא,במידה רבה,כנראה שלא,לעיתים רחוקות,לא בריא,600-700,בהחלט לא,לא סביר כלל,עד 40 ₪,new,old
3/10/2024 21:00,3/10/2024 21:04,IP Address,87.69.69.116,100,267,TRUE,3/10/2024 21:04,R_4d0gIBiQFFkW1J7,,,,,32.0803,34.7805,anonymous,HE,מעל 50,אישה,גוש דן,נשוי/אה,"10,000-20,000 ₪",חיוביים,במתינות,בכלל לא,במתינות,ניטראלי,אף פעם לא,לא בריא,300-400,כנראה שלא,לא סביר כלל,עד 50 ₪,new,new
3/10/2024 21:04,3/10/2024 21:07,IP Address,109.186.203.22,100,145,TRUE,3/10/2024 21:07,R_2FKZaK1iUjYss3d,,,,,32.0803,34.7805,anonymous,HE,40-50,גבר,גוש דן,נשוי/אה,"מעל 20,000 ₪",ניטראליים,במתינות,בכלל לא,במתינות,בכלל לא,לפעמים,לא בריא,600-700,בהחלט לא,לא סביר כלל,עד 40 ₪,old,old
3/10/2024 21:07,3/10/2024 21:10,IP Address,188.64.206.176,100,158,TRUE,3/10/2024 21:10,R_4ZDig7tU3Uszr3g,,,,,32.0803,34.7805,anonymous,HE,מעל 50,גבר,גוש דן,נשוי/אה,"מעל 20,000 ₪",חיוביים,במתינות,לא,בכלל לא,בכלל לא,אף פעם לא,מאוד לא בריא,500-600,בהחלט לא,לא סביר כלל,עד 40 ₪,old,old
3/10/2024 21:06,3/10/2024 21:11,IP Address,194.90.78.224,100,289,TRUE,3/10/2024 21:11,R_1rjRQ1Cvh8XT8VX,,,,,32.0803,34.7805,anonymous,HE,מעל 50,גבר,גוש דן,נשוי/אה,"מעל 20,000 ₪",חיוביים מאוד,בכלל לא,בהחלט כן,באופן מוחלט,בכלל לא,אף פעם לא,מאוד לא בריא,500-600,בהחלט לא,לא סביר כלל,עד 40 ₪,new,old
3/10/2024 21:10,3/10/2024 21:13,IP Address,77.137.79.130,100,150,TRUE,3/10/2024 21:13,R_4C8Dc7wONSyi4RZ,,,,,31.5,34.75,anonymous,HE,מעל 50,גבר,גוש דן,גרוש/ה,"7,500-10,000 ₪",חיוביים,בכלל לא,לא,במידה רבה,ניטראלי,לעיתים רחוקות,ניטראלי,300-400,ניטראלי,לא סביר,עד 40 ₪,old,new
3/10/2024 21:09,3/10/2024 21:15,IP Address,147.235.212.181,100,393,TRUE,3/10/2024 21:15,R_4ib83ZutIR6bAh0,,,,,32.816,34.9821,anonymous,HE,מעל 50,אישה,צפון,אלמן/ה,"5,000-7,500 ₪",חיוביים,במתינות,בכלל לא,בכלל לא,כנראה שכן,לעיתים רחוקות,לא בריא,600-700,כנראה שלא,לא סביר,עד 40 ₪,old,new
3/10/2024 21:13,3/10/2024 21:17,IP Address,87.70.31.15,100,232,TRUE,3/10/2024 21:17,R_43a0QMaFNjfZJCt,,,,,32.0821,34.8122,anonymous,HE,מעל 50,גבר,גוש דן,נשוי/אה,"מעל 20,000 ₪",חיוביים מאוד,במתינות,בכלל לא,בכלל לא,כנראה שלא,לעיתים רחוקות,לא בריא,פחות מ-300,כנראה שלא,לא סביר כלל,עד 50 ₪,new,old
3/10/2024 21:16,3/10/2024 21:19,IP Address,77.126.15.182,100,154,TRUE,3/10/2024 21:19,R_4qkvutPGlE9rxbd,,,,,32.0803,34.7805,anonymous,HE,מעל 50,גבר,גוש דן,נשוי/אה,"מעל 20,000 ₪",חיוביים מאוד,מעט,לא,בכלל לא,כנראה שלא,לעיתים רחוקות,לא בריא,500-600,כנראה שלא,לא סביר,עד 50 ₪,new,old
3/10/2024 21:12,3/10/2024 21:25,IP Address,46.121.236.152,100,814,TRUE,3/10/2024 21:25,R_4OPUfOShBkO4Nep,,,,,32.0803,34.7805,anonymous,HE,40-50,גבר,גוש דן,נשוי/אה,"10,000-20,000 ₪",חיוביים,מעט,לא,במתינות,ניטראלי,לפעמים,ניטראלי,500-600,כנראה שכן,ללא שינוי,עד 50 ₪,new,new
3/10/2024 21:24,3/10/2024 21:27,IP Address,80.246.130.196,100,158,TRUE,3/10/2024 21:27,R_53vZ67NIAoC8OUe,,,,,32.0803,34.7805,anonymous,HE,מעל 50,גבר,שפלה,נשוי/אה,"10,000-20,000 ₪",חיוביים,מעט,בכלל לא,בכלל לא,בכלל לא,לפעמים,ניטראלי,500-600,כנראה שלא,לא סביר,עד 40 ₪,old,old
3/10/2024 21:26,3/10/2024 21:29,IP Address,141.226.89.231,100,196,TRUE,3/10/2024 21:29,R_2n6LyjsEPjg7x6j,,,,,32.0803,34.7805,anonymous,HE,40-50,גבר,שרון,נשוי/אה,"10,000-20,000 ₪",חיוביים,מעט,לא,במידה רבה,כנראה שלא,לעיתים רחוקות,ניטראלי,500-600,ניטראלי,לא סביר,עד 50 ₪,new,new
3/10/2024 21:33,3/10/2024 21:36,IP Address,46.120.219.239,100,190,TRUE,3/10/2024 21:36,R_4GrWM9SqHL0qQMD,,,,,32.2722,34.8829,anonymous,HE,מעל 50,גבר,שרון,נשוי/אה,"מעל 20,000 ₪",ניטראליים,מעט,לא,במידה רבה,כנראה שכן,לעיתים רחוקות,לא בריא,פחות מ-300,ניטראלי,לא סביר כלל,עד 50 ₪,new,new
3/10/2024 21:36,3/10/2024 21:39,IP Address,5.28.181.142,100,183,TRUE,3/10/2024 21:39,R_8elukzpBkluA7mY,,,,,31.7674,35.2186,anonymous,HE,מעל 50,גבר,שפלה,נשוי/אה,"10,000-20,000 ₪",חיוביים מאוד,במידה רבה,בכלל לא,בכלל לא,כנראה שלא,אף פעם לא,ניטראלי,300-400,ניטראלי,לא סביר כלל,עד 40 ₪,new,old
3/10/2024 21:37,3/10/2024 21:39,IP Address,172.56.121.102,100,153,TRUE,3/10/2024 21:39,R_53CtTiTQiT1CbEB,,,,,34.2616,-118.4569,anonymous,HE,25-30,אישה,שרון,רווק/ה,"10,000-20,000 ₪",שליליים,במידה רבה,כן,במתינות,כנראה שכן,לפעמים,מאוד לא בריא,600-700,בהחלט לא,לא סביר,עד 40 ₪,old,new
3/10/2024 21:36,3/10/2024 21:42,IP Address,147.235.200.106,100,331,TRUE,3/10/2024 21:42,R_4CTsRvICo187FnU,,,,,31.7674,35.2186,anonymous,HE,40-50,גבר,גוש דן,אלמן/ה,"10,000-20,000 ₪",חיוביים מאוד,בכלל לא,לא,בכלל לא,כנראה שכן,לעיתים רחוקות,ניטראלי,300-400,ניטראלי,לא סביר,עד 50 ₪,old,new
3/10/2024 21:40,3/10/2024 21:43,IP Address,109.186.40.86,100,221,TRUE,3/10/2024 21:43,R_2TmAERFwmbYwzM6,,,,,32.0821,34.8122,anonymous,HE,40-50,גבר,שרון,נשוי/אה,"10,000-20,000 ₪",חיוביים,מעט,לא,במידה מועטה,בכלל לא,לפעמים,לא בריא,300-400,ניטראלי,לא סביר,עד 50 ₪,old,new
3/10/2024 21:43,3/10/2024 21:46,IP Address,83.130.76.158,100,163,TRUE,3/10/2024 21:46,R_4wnl3qvzK7r4lcd,,,,,32.8182,35.116,anonymous,HE,40-50,גבר,שפלה,נשוי/אה,"מעל 20,000 ₪",חיוביים,במתינות,לא,במתינות,ניטראלי,אף פעם לא,מאוד לא בריא,300-400,בהחלט לא,לא סביר כלל,עד 40 ₪,new,old
3/10/2024 21:45,3/10/2024 21:49,IP Address,109.186.40.86,100,202,TRUE,3/10/2024 21:49,R_2rPaMMD5X6pgQWl,,,,,32.0821,34.8122,anonymous,HE,18-25,גבר,גוש דן,רווק/ה,"7,500-10,000 ₪",חיוביים מאוד,מעט,בכלל לא,במתינות,ניטראלי,לעיתים רחוקות,בריא,500-600,בהחלט לא,לא סביר,עד 40 ₪,new,old
3/10/2024 21:48,3/10/2024 21:51,IP Address,147.235.206.169,100,164,TRUE,3/10/2024 21:51,R_40T8xtA10ZYL1xh,,,,,31.7674,35.2186,anonymous,HE,40-50,גבר,שפלה,גרוש/ה,"10,000-20,000 ₪",חיוביים מאוד,בכלל לא,בכלל לא,במידה רבה,ניטראלי,לעיתים רחוקות,לא בריא,300-400,כנראה שלא,לא סביר,עד 40 ₪,new,new
3/10/2024 21:55,3/10/2024 21:57,IP Address,109.186.40.86,100,166,TRUE,3/10/2024 21:57,R_3EbiaiPk9WEFj8y,,,,,32.0821,34.8122,anonymous,HE,מעל 50,אישה,שרון,נשוי/אה,"10,000-20,000 ₪",חיוביים,במתינות,כן,במידה רבה,כנראה שכן,לעיתים רחוקות,לא בריא,600-700,בהחלט לא,לא סביר,עד 40 ₪,new,new
3/10/2024 22:06,3/10/2024 22:08,IP Address,77.137.78.231,100,137,TRUE,3/10/2024 22:08,R_2JOCFxru9zxNfwW,,,,,31.5,34.75,anonymous,HE,25-30,אישה,שפלה,נשוי/אה,"10,000-20,000 ₪",חיוביים,מעט,ניטראלי,במתינות,כנראה שכן,לעיתים רחוקות,מאוד לא בריא,500-600,ניטראלי,לא סביר,עד 50 ₪,old,old
3/10/2024 22:33,3/10/2024 22:35,IP Address,82.81.42.69,100,130,TRUE,3/10/2024 22:35,R_2GCgn4vW50uHYOS,,,,,32.0803,34.7805,anonymous,HE,מעל 50,גבר,צפון,נשוי/אה,"10,000-20,000 ₪",חיוביים,בכלל לא,לא,במידה מועטה,בכלל לא,לעיתים רחוקות,לא בריא,300-400,כנראה שלא,לא סביר,עד 40 ₪,new,old
3/10/2024 22:37,3/10/2024 22:39,IP Address,147.235.219.5,100,108,TRUE,3/10/2024 22:39,R_4Lbu1dMEQcfnjah,,,,,31.9642,34.7876,anonymous,HE,40-50,גבר,דרום,נשוי/אה,"מעל 20,000 ₪",חיוביים,במידה רבה,לא,במידה רבה,ניטראלי,לעיתים רחוקות,לא בריא,500-600,ניטראלי,לא סביר,עד 50 ₪,old,old
3/10/2024 22:36,3/10/2024 22:39,IP Address,77.126.15.182,100,145,TRUE,3/10/2024 22:39,R_4kGtnwaDrRvcWwW,,,,,32.0803,34.7805,anonymous,HE,מעל 50,אישה,גוש דן,נשוי/אה,"7,500-10,000 ₪",חיוביים מאוד,במתינות,לא,במידה רבה,כנראה שכן,אף פעם לא,מאוד לא בריא,500-600,בהחלט לא,לא סביר כלל,עד 40 ₪,old,new
3/10/2024 22:51,3/10/2024 22:56,IP Address,217.194.129.60,100,284,TRUE,3/10/2024 22:56,R_4qVUmrws1PGbE6V,,,,,32.7259,35.6173,anonymous,HE,מעל 50,גבר,צפון,נשוי/אה,"מעל 20,000 ₪",חיוביים,במתינות,ניטראלי,במתינות,ניטראלי,לעיתים רחוקות,לא בריא,600-700,כנראה שכן,לא סביר,עד 50 ₪,new,old
3/10/2024 21:43,3/10/2024 23:18,IP Address,5.29.21.209,100,5711,TRUE,3/10/2024 23:18,R_43IPh5zZhowAevD,,,,,32.0821,34.8122,anonymous,HE,מעל 50,גבר,שפלה,גרוש/ה,"מעל 20,000 ₪",חיוביים,בכלל לא,בכלל לא,במידה רבה,כנראה שכן,בתדירות גבוהה,לא בריא,יותר מ-700,כנראה שלא,לא סביר כלל,עד 40 ₪,old,old
3/11/2024 1:51,3/11/2024 1:57,IP Address,46.19.85.55,100,374,TRUE,3/11/2024 1:57,R_4ykF2MokrGLDJ90,,,,,32.0821,34.8122,anonymous,HE,40-50,גבר,שפלה,נשוי/אה,"מעל 20,000 ₪",חיוביים,במידה רבה,לא,במידה מועטה,בכלל לא,לעיתים רחוקות,לא בריא,300-400,ניטראלי,לא סביר,עד 50 ₪,new,old
3/11/2024 6:57,3/11/2024 7:02,IP Address,104.28.60.68,100,256,TRUE,3/11/2024 7:02,R_2FhXU1AXPvITv4K,,,,,31.2538,34.7858,anonymous,HE,מעל 50,גבר,שפלה,נשוי/אה,"מעל 20,000 ₪",חיוביים,במידה רבה,ניטראלי,במתינות,ניטראלי,לעיתים רחוקות,לא בריא,500-600,כנראה שלא,לא סביר,עד 50 ₪,old,new
3/11/2024 10:13,3/11/2024 10:16,IP Address,77.138.12.63,100,134,TRUE,3/11/2024 10:16,R_5czTLy4IN6AWwW5,,,,,31.9011,34.8285,anonymous,HE,25-30,אישה,שפלה,רווק/ה,"10,000-20,000 ₪",שליליים,במידה רבה,לא,במידה רבה,כנראה שכן,לפעמים,מאוד לא בריא,יותר מ-700,בהחלט לא,לא סביר,עד 40 ₪,new,new
3/11/2024 10:14,3/11/2024 10:17,IP Address,77.137.36.182,100,184,TRUE,3/11/2024 10:17,R_7neyVQfsp3VZA9X,,,,,31.9642,34.7876,anonymous,HE,25-30,אישה,גוש דן,רווק/ה,"5,000-7,500 ₪",חיוביים מאוד,מעט,לא,במידה רבה,כנראה שלא,לפעמים,לא בריא,600-700,ניטראלי,ללא שינוי,עד 40 ₪,new,new
3/11/2024 10:13,3/11/2024 10:17,IP Address,31.154.222.102,100,202,TRUE,3/11/2024 10:17,R_4SueKtdMIGKxloR,,,,,32.0803,34.7805,anonymous,HE,25-30,אישה,שרון,רווק/ה,"10,000-20,000 ₪",ניטראליים,במידה רבה,ניטראלי,במתינות,ניטראלי,אף פעם לא,מאוד לא בריא,500-600,כנראה שלא,לא סביר כלל,עד 40 ₪,new,old
3/11/2024 10:15,3/11/2024 10:18,IP Address,104.28.60.69,100,160,TRUE,3/11/2024 10:18,R_5M4IuQZIVRttz9a,,,,,31.2538,34.7858,anonymous,HE,25-30,גבר,צפון,נשוי/אה,"10,000-20,000 ₪",ניטראליים,במתינות,לא,בכלל לא,ניטראלי,לעיתים רחוקות,לא בריא,500-600,בהחלט לא,לא סביר,עד 60 ₪,old,old
3/11/2024 10:11,3/11/2024 10:19,IP Address,2.54.60.107,100,433,TRUE,3/11/2024 10:19,R_44XjNNgpq7cHuPD,,,,,32.0803,34.7805,anonymous,HE,מעל 50,גבר,גוש דן,נשוי/אה,"10,000-20,000 ₪",חיוביים,בכלל לא,לא,במידה מועטה,בכלל לא,לעיתים רחוקות,ניטראלי,500-600,כנראה שלא,לא סביר כלל,עד 50 ₪,new,old
3/11/2024 10:17,3/11/2024 10:20,IP Address,84.94.148.90,100,175,TRUE,3/11/2024 10:20,R_44CXIT9YtIUSRpI,,,,,32.1678,34.8205,anonymous,HE,25-30,אישה,שפלה,רווק/ה,"עד 5,000 ₪",ניטראליים,במתינות,לא,במידה מועטה,כנראה שכן,לעיתים רחוקות,מאוד לא בריא,300-400,כנראה שלא,ללא שינוי,עד 40 ₪,new,old
3/11/2024 10:13,3/11/2024 10:20,IP Address,2.54.47.86,100,407,TRUE,3/11/2024 10:20,R_4UgA0kP6d78gkyC,,,,,32.0803,34.7805,anonymous,HE,מעל 50,אישה,גוש דן,נשוי/אה,"10,000-20,000 ₪",חיוביים,מעט,בכלל לא,בכלל לא,בכלל לא,לעיתים רחוקות,ניטראלי,300-400,ניטראלי,ללא שינוי,עד 60 ₪,old,old
3/11/2024 10:12,3/11/2024 10:23,IP Address,77.137.65.175,100,605,TRUE,3/11/2024 10:23,R_8DXT4HOxKuETLM9,,,,,31.5,34.75,anonymous,HE,מעל 50,אישה,גוש דן,נשוי/אה,"7,500-10,000 ₪",ניטראליים,מעט,לא,במתינות,כנראה שכן,אף פעם לא,מאוד לא בריא,פחות מ-300,כנראה שלא,לא סביר כלל,עד 40 ₪,new,old
3/11/2024 10:21,3/11/2024 10:24,IP Address,87.70.77.126,100,161,TRUE,3/11/2024 10:24,R_4r8Goyve3l3Y209,,,,,32.0803,34.7805,anonymous,HE,18-25,אישה,שפלה,רווק/ה,אין לי הכנסה,ניטראליים,במתינות,לא,במתינות,כנראה שכן,לפעמים,ניטראלי,300-400,כנראה שכן,ללא שינוי,עד 40 ₪,new,new
3/11/2024 10:25,3/11/2024 10:27,IP Address,194.153.101.246,100,101,TRUE,3/11/2024 10:27,R_4PzCVXxZQ8GEYSl,,,,,32.1678,34.8205,anonymous,HE,25-30,גבר,דרום,רווק/ה,"5,000-7,500 ₪",שליליים,מעט,כן,במידה רבה,כנראה שכן,לעיתים רחוקות,לא בריא,300-400,כנראה שלא,לא סביר,עד 50 ₪,old,new
3/11/2024 10:25,3/11/2024 10:29,IP Address,84.229.165.202,100,196,TRUE,3/11/2024 10:29,R_1JsnJoQtycWNo8h,,,,,31.9011,34.8285,anonymous,HE,18-25,אישה,שפלה,רווק/ה,אין לי הכנסה,שליליים,במידה רבה,ניטראלי,במידה מועטה,כנראה שכן,לפעמים,לא בריא,300-400,כנראה שלא,ללא שינוי,עד 40 ₪,old,new
3/11/2024 10:32,3/11/2024 10:33,IP Address,79.179.246.220,100,100,TRUE,3/11/2024 10:33,R_4bWdSoaPMBj3AtW,,,,,32.0803,34.7805,anonymous,HE,18-25,אישה,שרון,רווק/ה,"עד 5,000 ₪",שליליים,במידה רבה,בכלל לא,במידה מועטה,כנראה שכן,לעיתים רחוקות,מאוד לא בריא,600-700,כנראה שלא,לא סביר,עד 40 ₪,new,old
3/11/2024 10:32,3/11/2024 10:35,IP Address,46.117.214.6,100,184,TRUE,3/11/2024 10:35,R_2CotltSYhcGyyM9,,,,,31.9286,34.807,anonymous,HE,מעל 50,אישה,שפלה,גרוש/ה,"5,000-7,500 ₪",שליליים,במידה רבה,ניטראלי,בכלל לא,כנראה שכן,לעיתים רחוקות,לא בריא,300-400,כנראה שלא,ללא שינוי,עד 50 ₪,new,old
3/11/2024 10:29,3/11/2024 10:35,IP Address,87.68.174.80,100,325,TRUE,3/11/2024 10:35,R_40MzQUJ2bEM73I8,,,,,32.3348,34.8596,anonymous,HE,18-25,אישה,שרון,רווק/ה,"עד 5,000 ₪",שליליים,מעט,לא,במתינות,ניטראלי,לעיתים רחוקות,לא בריא,300-400,כנראה שלא,לא סביר,עד 40 ₪,old,new
3/11/2024 10:32,3/11/2024 10:36,IP Address,77.137.74.153,100,211,TRUE,3/11/2024 10:36,R_2jexXxjczlFC8MZ,,,,,32.0803,34.7805,anonymous,HE,40-50,אישה,שפלה,גרוש/ה,"5,000-7,500 ₪",שליליים מאוד,במידה רבה,בכלל לא,בכלל לא,כנראה שלא,לעיתים רחוקות,ניטראלי,500-600,כנראה שלא,לא סביר,עד 40 ₪,old,new
3/11/2024 10:36,3/11/2024 10:38,IP Address,5.29.20.127,100,148,TRUE,3/11/2024 10:38,R_7DIlss9DM2Fv5us,,,,,32.0821,34.8122,anonymous,HE,25-30,גבר,שפלה,רווק/ה,"10,000-20,000 ₪",חיוביים מאוד,במתינות,ניטראלי,במידה רבה,כנראה שכן,לפעמים,ניטראלי,600-700,ניטראלי,לא סביר,עד 60 ₪,old,old
3/11/2024 10:37,3/11/2024 10:40,IP Address,93.172.42.231,100,145,TRUE,3/11/2024 10:40,R_2KSKKPLLdzf6MoV,,,,,32.0803,34.7805,anonymous,HE,25-30,גבר,שרון,רווק/ה,אין לי הכנסה,חיוביים,במתינות,בכלל לא,בכלל לא,כנראה שלא,לעיתים רחוקות,מאוד לא בריא,300-400,כנראה שלא,לא סביר כלל,עד 50 ₪,new,old
3/11/2024 10:38,3/11/2024 10:40,IP Address,109.186.119.71,100,125,TRUE,3/11/2024 10:40,R_4vMuC34tcvF18pH,,,,,32.0803,34.7805,anonymous,HE,25-30,אישה,גוש דן,רווק/ה,אין לי הכנסה,חיוביים,במתינות,ניטראלי,במידה רבה,כנראה שכן,לעיתים רחוקות,מאוד לא בריא,500-600,בהחלט לא,לא סביר,עד 40 ₪,new,old
3/11/2024 10:37,3/11/2024 10:40,IP Address,5.29.244.65,100,181,TRUE,3/11/2024 10:40,R_5dsBIp2BFxbl5wa,,,,,32.0803,34.7805,anonymous,HE,18-25,אישה,שפלה,רווק/ה,"עד 5,000 ₪",חיוביים,מעט,בכלל לא,במידה מועטה,כנראה שכן,לעיתים רחוקות,מאוד לא בריא,300-400,בהחלט לא,לא סביר כלל,עד 40 ₪,new,new
3/11/2024 10:39,3/11/2024 10:41,IP Address,109.253.164.78,100,121,TRUE,3/11/2024 10:41,R_4QhJerwFxxQNtEX,,,,,32.0803,34.7805,anonymous,HE,מעל 50,אישה,שפלה,נשוי/אה,"5,000-7,500 ₪",ניטראליים,במתינות,לא,בכלל לא,כנראה שכן,לעיתים רחוקות,לא בריא,600-700,ניטראלי,לא סביר,עד 40 ₪,new,new
3/11/2024 10:40,3/11/2024 10:42,IP Address,2.54.60.102,100,74,TRUE,3/11/2024 10:42,R_21yVhK733ydZ1XL,,,,,32.0803,34.7805,anonymous,HE,25-30,אישה,שפלה,רווק/ה,"עד 5,000 ₪",ניטראליים,במידה רבה,לא,במידה מועטה,כנראה שכן,לפעמים,ניטראלי,500-600,ניטראלי,ללא שינוי,עד 60 ₪,new,old
3/11/2024 10:40,3/11/2024 10:43,IP Address,188.64.206.52,100,136,TRUE,3/11/2024 10:43,R_4P8dRTfTJljhWPp,,,,,32.0803,34.7805,anonymous,HE,מעל 50,אישה,שפלה,נשוי/אה,"10,000-20,000 ₪",חיוביים,מעט,בכלל לא,בכלל לא,כנראה שלא,לפעמים,מאוד לא בריא,600-700,בהחלט לא,לא סביר,עד 60 ₪,new,old
3/11/2024 10:41,3/11/2024 10:44,IP Address,77.137.75.44,100,166,TRUE,3/11/2024 10:44,R_7URnpm2q8zyk6yd,,,,,32.0803,34.7805,anonymous,HE,30-40,אישה,שפלה,נשוי/אה,"מעל 20,000 ₪",חיוביים מאוד,במידה רבה,כן,במידה מועטה,כנראה שכן,בתדירות גבוהה,לא בריא,500-600,כנראה שלא,ללא שינוי,עד 50 ₪,new,old
3/11/2024 10:45,3/11/2024 10:47,IP Address,2.54.55.229,100,127,TRUE,3/11/2024 10:47,R_4PmRTEiwOrBLXvr,,,,,32.0803,34.7805,anonymous,HE,מעל 50,אישה,שפלה,נשוי/אה,"7,500-10,000 ₪",ניטראליים,במתינות,בכלל לא,במתינות,כנראה שכן,אף פעם לא,מאוד לא בריא,600-700,כנראה שלא,לא סביר כלל,עד 40 ₪,old,new
3/11/2024 10:48,3/11/2024 10:52,IP Address,109.253.199.246,100,195,TRUE,3/11/2024 10:52,R_2PbgJ4V32DcfJrG,,,,,32.0803,34.7805,anonymous,HE,25-30,אישה,גוש דן,רווק/ה,"7,500-10,000 ₪",חיוביים,במידה רבה,ניטראלי,במידה מועטה,כנראה שכן,לעיתים רחוקות,ניטראלי,300-400,ניטראלי,לא סביר כלל,עד 50 ₪,new,old
3/11/2024 10:48,3/11/2024 10:53,IP Address,5.29.21.199,100,260,TRUE,3/11/2024 10:53,R_2NAlJQWby8xSGTD,,,,,32.0821,34.8122,anonymous,HE,18-25,אישה,גוש דן,רווק/ה,אין לי הכנסה,שליליים,במתינות,לא,במידה מועטה,כנראה שלא,לפעמים,לא בריא,500-600,ניטראלי,לא סביר,עד 50 ₪,new,old
3/11/2024 10:51,3/11/2024 10:53,IP Address,5.29.20.117,100,115,TRUE,3/11/2024 10:53,R_5ZDmXszy0IYSsZP,,,,,32.0821,34.8122,anonymous,HE,30-40,אישה,דרום,גרוש/ה,"עד 5,000 ₪",ניטראליים,מעט,לא,באופן מוחלט,בכלל לא,אף פעם לא,מאוד לא בריא,500-600,בהחלט לא,לא סביר כלל,עד 40 ₪,old,new
3/11/2024 10:51,3/11/2024 10:54,IP Address,2.54.62.179,100,182,TRUE,3/11/2024 10:54,R_45t0jRwWkJ4JGN2,,,,,32.0803,34.7805,anonymous,HE,25-30,גבר,גוש דן,רווק/ה,"7,500-10,000 ₪",חיוביים,במידה רבה,לא,במתינות,כנראה שכן,אף פעם לא,ניטראלי,300-400,כנראה שלא,לא סביר כלל,עד 40 ₪,new,old
3/11/2024 10:32,3/11/2024 10:55,IP Address,2.52.73.197,100,1403,TRUE,3/11/2024 10:55,R_7Rs282KLbV2DchH,,,,,32.0123,34.7705,anonymous,HE,18-25,אישה,גוש דן,רווק/ה,"עד 5,000 ₪",חיוביים,מעט,כן,במידה רבה,כנראה שכן,בתדירות גבוהה,לא בריא,300-400,בהחלט כן,סביר מאוד,עד 60 ₪,new,old
3/11/2024 10:55,3/11/2024 10:56,IP Address,2.53.182.141,100,73,TRUE,3/11/2024 10:56,R_8JemdlvPvvs3nl3,,,,,32.0803,34.7805,anonymous,HE,30-40,גבר,שפלה,נשוי/אה,"10,000-20,000 ₪",חיוביים,במידה רבה,בכלל לא,במידה מועטה,כנראה שלא,לפעמים,לא בריא,יותר מ-700,ניטראלי,ללא שינוי,עד 50 ₪,old,old
3/11/2024 10:54,3/11/2024 10:57,IP Address,80.246.130.48,100,150,TRUE,3/11/2024 10:57,R_58WmJwHEOLXUDm1,,,,,32.0803,34.7805,anonymous,HE,מתחת ל-18,אישה,שפלה,רווק/ה,"עד 5,000 ₪",שליליים מאוד,במידה רבה,לא,במידה רבה,כנראה שלא,בתדירות גבוהה,מאוד לא בריא,יותר מ-700,בהחלט לא,לא סביר,עד 40 ₪,new,old
3/11/2024 10:55,3/11/2024 10:59,IP Address,192.116.181.110,100,195,TRUE,3/11/2024 10:59,R_478xZZGl2l0eWaF,,,,,32.0123,34.7705,anonymous,HE,40-50,אישה,גוש דן,נשוי/אה,"7,500-10,000 ₪",חיוביים,במידה רבה,בכלל לא,במידה רבה,כנראה שכן,לעיתים רחוקות,מאוד לא בריא,500-600,בהחלט לא,סביר,עד 40 ₪,old,new
3/11/2024 10:55,3/11/2024 11:00,IP Address,5.29.9.208,100,288,TRUE,3/11/2024 11:00,R_2QFkPYAUmSs4ox2,,,,,32.0803,34.7805,anonymous,HE,40-50,אישה,שפלה,נשוי/אה,"10,000-20,000 ₪",ניטראליים,בכלל לא,לא,במידה רבה,כנראה שלא,אף פעם לא,לא בריא,500-600,ניטראלי,לא סביר כלל,עד 40 ₪,old,new
3/11/2024 11:00,3/11/2024 11:04,IP Address,87.70.9.174,100,215,TRUE,3/11/2024 11:04,R_4L7lLarJWoerDKx,,,,,32.0803,34.7805,anonymous,HE,25-30,אישה,דרום,רווק/ה,"10,000-20,000 ₪",חיוביים,במתינות,לא,במתינות,כנראה שכן,בתדירות גבוהה,לא בריא,500-600,כנראה שלא,לא סביר,עד 40 ₪,new,new
3/11/2024 11:04,3/11/2024 11:06,IP Address,141.226.93.254,100,119,TRUE,3/11/2024 11:06,R_4E11Df2O1UEEBIZ,,,,,32.1033,34.8879,anonymous,HE,25-30,אישה,גוש דן,רווק/ה,"5,000-7,500 ₪",חיוביים,במידה רבה,לא,במתינות,כנראה שכן,בתדירות גבוהה,לא בריא,500-600,ניטראלי,ללא שינוי,עד 60 ₪,old,old
3/11/2024 11:05,3/11/2024 11:06,IP Address,2.54.62.253,100,65,TRUE,3/11/2024 11:06,R_4doi8fnVdgo4il3,,,,,32.0803,34.7805,anonymous,HE,מתחת ל-18,אישה,גוש דן,רווק/ה,"עד 5,000 ₪",חיוביים,במידה רבה,ניטראלי,במתינות,ניטראלי,לפעמים,מאוד לא בריא,600-700,כנראה שלא,לא סביר כלל,עד 40 ₪,old,old
3/11/2024 10:59,3/11/2024 11:07,IP Address,2.54.166.22,100,480,TRUE,3/11/2024 11:07,R_4AGIZzBCQ2SX7Wh,,,,,32.0803,34.7805,anonymous,HE,מעל 50,גבר,צפון,נשוי/אה,"מעל 20,000 ₪",חיוביים,במידה רבה,לא,במידה רבה,ניטראלי,לעיתים רחוקות,לא בריא,300-400,כנראה שלא,סביר,עד 50 ₪,old,new
3/11/2024 11:04,3/11/2024 11:07,IP Address,2.54.182.170,100,140,TRUE,3/11/2024 11:07,R_4iJYmM6khWgjWLL,,,,,32.0803,34.7805,anonymous,HE,מתחת ל-18,אישה,גוש דן,רווק/ה,"עד 5,000 ₪",חיוביים,מעט,בכלל לא,במידה מועטה,כנראה שכן,לפעמים,מאוד לא בריא,500-600,בהחלט לא,לא סביר כלל,עד 50 ₪,old,new
3/11/2024 11:06,3/11/2024 11:10,IP Address,188.64.207.118,100,231,TRUE,3/11/2024 11:10,R_4lWFlEcAbb2zJ2v,,,,,32.0803,34.7805,anonymous,HE,18-25,אישה,גוש דן,רווק/ה,אין לי הכנסה,חיוביים,במידה רבה,בכלל לא,במתינות,כנראה שכן,לעיתים רחוקות,ניטראלי,300-400,כנראה שלא,לא סביר,עד 40 ₪,old,new
3/11/2024 11:08,3/11/2024 11:10,IP Address,31.168.211.62,100,147,TRUE,3/11/2024 11:10,R_46Hfznz1GVaaRix,,,,,32.1033,34.8879,anonymous,HE,18-25,גבר,גוש דן,רווק/ה,"7,500-10,000 ₪",ניטראליים,במידה רבה,ניטראלי,במתינות,כנראה שלא,לפעמים,לא בריא,300-400,כנראה שלא,ללא שינוי,עד 60 ₪,old,old
3/11/2024 11:12,3/11/2024 11:14,IP Address,192.114.23.232,100,114,TRUE,3/11/2024 11:14,R_6nks8o8VE9rGDyE,,,,,32.0803,34.7805,anonymous,HE,25-30,גבר,גוש דן,נשוי/אה,אין לי הכנסה,ניטראליים,מעט,לא,בכלל לא,באופן וודאי,באופן קבוע,מאוד לא בריא,יותר מ-700,כנראה שלא,סביר מאוד,עד 60 ₪,new,new
3/11/2024 11:12,3/11/2024 11:15,IP Address,80.246.130.39,100,197,TRUE,3/11/2024 11:15,R_4Pj9NLVRoBBCeeQ,,,,,32.0803,34.7805,anonymous,HE,18-25,אישה,גוש דן,רווק/ה,אין לי הכנסה,שליליים,במידה רבה,לא,במידה מועטה,כנראה שלא,בתדירות גבוהה,מאוד לא בריא,500-600,כנראה שלא,סביר,עד 50 ₪,old,old
3/11/2024 11:13,3/11/2024 11:16,IP Address,147.235.215.189,100,165,TRUE,3/11/2024 11:16,R_4pQi4F2BKoL5IiK,,,,,32.816,34.9821,anonymous,HE,מעל 50,אישה,צפון,נשוי/אה,"מעל 20,000 ₪",חיוביים,במתינות,בכלל לא,בכלל לא,ניטראלי,אף פעם לא,לא בריא,500-600,כנראה שלא,לא סביר כלל,עד 40 ₪,new,old
3/11/2024 11:16,3/11/2024 11:19,IP Address,2.53.165.34,100,149,TRUE,3/11/2024 11:19,R_4q5pyQLciy5sfzr,,,,,32.0803,34.7805,anonymous,HE,18-25,גבר,צפון,רווק/ה,"עד 5,000 ₪",ניטראליים,מעט,בכלל לא,בכלל לא,ניטראלי,לפעמים,מאוד לא בריא,500-600,כנראה שלא,ללא שינוי,עד 40 ₪,old,old
3/11/2024 11:16,3/11/2024 11:19,IP Address,132.76.61.53,100,141,TRUE,3/11/2024 11:19,R_1r3XaW4pCsYq9Rn,,,,,31.9011,34.8285,anonymous,HE,מעל 50,אישה,שפלה,נשוי/אה,"10,000-20,000 ₪",חיוביים,מעט,בכלל לא,בכלל לא,כנראה שלא,לעיתים רחוקות,מאוד לא בריא,פחות מ-300,כנראה שלא,לא סביר כלל,עד 40 ₪,new,old
3/11/2024 11:15,3/11/2024 11:19,IP Address,141.226.239.62,100,255,TRUE,3/11/2024 11:19,R_8oNgBLQ9Ou1wTmu,,,,,32.0803,34.7805,anonymous,HE,18-25,גבר,גוש דן,רווק/ה,"עד 5,000 ₪",חיוביים,במידה רבה,כן,במידה מועטה,ניטראלי,לפעמים,לא בריא,300-400,כנראה שלא,לא סביר,עד 40 ₪,old,old
3/11/2024 11:17,3/11/2024 11:19,IP Address,207.232.22.92,100,145,TRUE,3/11/2024 11:19,R_73QwSC7mngOvGRr,,,,,32.0123,34.7705,anonymous,HE,40-50,אישה,שפלה,נשוי/אה,"10,000-20,000 ₪",ניטראליים,בכלל לא,ניטראלי,במידה מועטה,כנראה שכן,לעיתים רחוקות,לא בריא,500-600,ניטראלי,לא סביר,עד 50 ₪,new,new
3/11/2024 11:20,3/11/2024 11:23,IP Address,81.218.80.2,100,203,TRUE,3/11/2024 11:23,R_4yhdN5aero7HJF7,,,,,31.9011,34.8285,anonymous,HE,מעל 50,אישה,שפלה,נשוי/אה,"7,500-10,000 ₪",חיוביים,בכלל לא,לא,במידה מועטה,כנראה שלא,אף פעם לא,מאוד לא בריא,500-600,כנראה שלא,לא סביר כלל,עד 40 ₪,new,old
3/11/2024 11:21,3/11/2024 11:26,IP Address,85.250.212.163,100,256,TRUE,3/11/2024 11:26,R_4GoS1dSG9r7g9Dr,,,,,32.0803,34.7805,anonymous,HE,25-30,אישה,גוש דן,רווק/ה,"10,000-20,000 ₪",חיוביים,במידה רבה,לא,במידה מועטה,כנראה שלא,לעיתים רחוקות,לא בריא,500-600,כנראה שלא,לא סביר,עד 50 ₪,new,new
3/11/2024 11:26,3/11/2024 11:29,IP Address,199.203.203.233,100,154,TRUE,3/11/2024 11:29,R_2JvF2faZn19pxkZ,,,,,32.0837,34.8282,anonymous,HE,30-40,גבר,גוש דן,רווק/ה,"10,000-20,000 ₪",חיוביים,במתינות,ניטראלי,במידה מועטה,ניטראלי,לפעמים,ניטראלי,300-400,כנראה שכן,לא סביר,עד 40 ₪,new,new
3/11/2024 11:26,3/11/2024 11:30,IP Address,84.228.153.240,100,242,TRUE,3/11/2024 11:30,R_4zvbS823IysQFLr,,,,,31.9011,34.8285,anonymous,HE,מעל 50,אישה,שפלה,גרוש/ה,"5,000-7,500 ₪",ניטראליים,במתינות,בכלל לא,במתינות,בכלל לא,לעיתים רחוקות,ניטראלי,500-600,כנראה שלא,לא סביר,עד 40 ₪,new,old
3/11/2024 11:33,3/11/2024 11:35,IP Address,5.29.229.162,100,140,TRUE,3/11/2024 11:35,R_2xJ507CU1wHUQ25,,,,,32.0123,34.7705,anonymous,HE,40-50,אישה,צפון,נשוי/אה,"מעל 20,000 ₪",חיוביים,במידה רבה,בהחלט כן,במידה מועטה,כנראה שכן,לפעמים,ניטראלי,פחות מ-300,כנראה שלא,סביר,עד 40 ₪,new,old
3/11/2024 11:45,3/11/2024 11:46,IP Address,109.67.33.141,100,68,TRUE,3/11/2024 11:46,R_4VPJMFLyfNnbMg4,,,,,32.1471,34.8503,anonymous,HE,18-25,גבר,שרון,רווק/ה,אין לי הכנסה,שליליים,מעט,לא,במידה מועטה,כנראה שלא,לפעמים,לא בריא,יותר מ-700,בהחלט לא,ללא שינוי,עד 50 ₪,old,new
3/11/2024 11:49,3/11/2024 11:50,IP Address,2.52.77.16,100,78,TRUE,3/11/2024 11:50,R_4eqGVXFuyIZPRIJ,,,,,32.0803,34.7805,anonymous,HE,30-40,גבר,גוש דן,נשוי/אה,"מעל 20,000 ₪",חיוביים,מעט,לא,במתינות,ניטראלי,לעיתים רחוקות,לא בריא,600-700,כנראה שלא,לא סביר כלל,עד 40 ₪,old,old
3/11/2024 11:48,3/11/2024 11:50,IP Address,5.29.9.210,100,115,TRUE,3/11/2024 11:50,R_2S2zwXKeWQEj0aJ,,,,,32.0803,34.7805,anonymous,HE,25-30,גבר,שרון,רווק/ה,"10,000-20,000 ₪",חיוביים,מעט,ניטראלי,במתינות,כנראה שכן,לעיתים רחוקות,לא בריא,600-700,כנראה שלא,לא סביר,עד 60 ₪,old,old
3/11/2024 11:48,3/11/2024 11:51,IP Address,85.250.216.193,100,152,TRUE,3/11/2024 11:51,R_2nDySyg4okNn1HX,,,,,32.0803,34.7805,anonymous,HE,25-30,גבר,גוש דן,רווק/ה,"מעל 20,000 ₪",ניטראליים,במתינות,לא,במידה מועטה,ניטראלי,לפעמים,ניטראלי,600-700,כנראה שלא,ללא שינוי,עד 50 ₪,old,old
3/11/2024 11:54,3/11/2024 11:57,IP Address,147.235.207.67,100,167,TRUE,3/11/2024 11:57,R_4aEO5gYNoYITAn1,,,,,31.7674,35.2186,anonymous,HE,25-30,אישה,גוש דן,רווק/ה,"5,000-7,500 ₪",ניטראליים,במידה רבה,לא,במידה מועטה,כנראה שכן,לעיתים רחוקות,לא בריא,500-600,ניטראלי,לא סביר,עד 50 ₪,new,new
3/11/2024 11:55,3/11/2024 11:58,IP Address,2.52.18.65,100,171,TRUE,3/11/2024 11:58,R_46m3T2ThvKs1BWp,,,,,32.0803,34.7805,anonymous,HE,מתחת ל-18,גבר,גוש דן,רווק/ה,אין לי הכנסה,ניטראליים,במידה רבה,בכלל לא,בכלל לא,כנראה שלא,לעיתים רחוקות,לא בריא,600-700,בהחלט לא,לא סביר כלל,עד 40 ₪,new,new
3/11/2024 12:09,3/11/2024 12:11,IP Address,46.19.86.226,100,165,TRUE,3/11/2024 12:11,R_4Ponwgw785B8X3W,,,,,32.0803,34.7805,anonymous,HE,18-25,גבר,שפלה,רווק/ה,"10,000-20,000 ₪",ניטראליים,במתינות,כן,במידה מועטה,כנראה שלא,בתדירות גבוהה,ניטראלי,500-600,כנראה שכן,סביר,עד 50 ₪,old,old
3/11/2024 12:05,3/11/2024 12:12,IP Address,2.54.186.48,100,375,TRUE,3/11/2024 12:12,R_4NqUjmXdL864R0x,,,,,32.1033,34.8879,anonymous,HE,25-30,אישה,שפלה,רווק/ה,"עד 5,000 ₪",חיוביים,במידה רבה,בכלל לא,בכלל לא,ניטראלי,לפעמים,לא בריא,300-400,כנראה שלא,סביר,עד 40 ₪,old,old
3/11/2024 12:16,3/11/2024 12:19,IP Address,172.225.191.98,100,161,TRUE,3/11/2024 12:19,R_8YsOUTQh1olrCV0,,,,,32.0803,34.7805,anonymous,HE,25-30,גבר,שפלה,רווק/ה,אין לי הכנסה,חיוביים,במתינות,ניטראלי,במתינות,ניטראלי,לפעמים,לא בריא,500-600,ניטראלי,סביר,עד 40 ₪,new,new
3/11/2024 12:17,3/11/2024 12:20,IP Address,207.232.22.92,100,175,TRUE,3/11/2024 12:20,R_1e4Sy7WLegWxosg,,,,,32.0123,34.7705,anonymous,HE,30-40,גבר,שפלה,נשוי/אה,"10,000-20,000 ₪",חיוביים,במתינות,לא,במידה מועטה,כנראה שלא,לעיתים רחוקות,לא בריא,500-600,בהחלט לא,לא סביר כלל,עד 40 ₪,new,new
3/11/2024 12:18,3/11/2024 12:21,IP Address,213.8.52.46,100,177,TRUE,3/11/2024 12:21,R_42MAroUvTiunnVj,,,,,32.0123,34.7705,anonymous,HE,40-50,אישה,שפלה,נשוי/אה,"10,000-20,000 ₪",ניטראליים,במידה רבה,לא,בכלל לא,כנראה שלא,לעיתים רחוקות,לא בריא,300-400,כנראה שלא,לא סביר,עד 40 ₪,old,old
3/11/2024 10:53,3/11/2024 12:21,IP Address,212.116.161.146,100,5328,TRUE,3/11/2024 12:21,R_3zUSDAzvy0ZWpoN,,,,,32.0803,34.7805,anonymous,HE,25-30,אישה,שרון,רווק/ה,"עד 5,000 ₪",חיוביים,במידה רבה,לא,במידה מועטה,כנראה שכן,לפעמים,לא בריא,300-400,ניטראלי,לא סביר,עד 50 ₪,new,new
3/11/2024 12:21,3/11/2024 12:23,IP Address,207.232.22.92,100,109,TRUE,3/11/2024 12:23,R_2DjIvfhRAF6zsml,,,,,32.0123,34.7705,anonymous,HE,40-50,גבר,שפלה,נשוי/אה,"מעל 20,000 ₪",ניטראליים,במידה רבה,לא,במידה מועטה,כנראה שכן,לעיתים רחוקות,לא בריא,600-700,כנראה שלא,לא סביר,עד 40 ₪,new,old
3/11/2024 12:20,3/11/2024 12:23,IP Address,147.235.221.17,100,163,TRUE,3/11/2024 12:23,R_4rbjgYMlWdB2uml,,,,,31.9642,34.7876,anonymous,HE,25-30,אישה,גוש דן,רווק/ה,אין לי הכנסה,ניטראליים,במידה רבה,לא,במתינות,בכלל לא,לפעמים,לא בריא,300-400,כנראה שלא,סביר,עד 40 ₪,new,new
3/11/2024 12:22,3/11/2024 12:24,IP Address,207.232.22.92,100,90,TRUE,3/11/2024 12:24,R_2RP2m489iX9RNTp,,,,,32.0123,34.7705,anonymous,HE,30-40,גבר,דרום,נשוי/אה,"10,000-20,000 ₪",חיוביים,במידה רבה,לא,במידה רבה,כנראה שכן,לעיתים רחוקות,לא בריא,300-400,כנראה שכן,ללא שינוי,עד 40 ₪,new,new
3/11/2024 12:28,3/11/2024 12:30,IP Address,62.0.191.146,100,113,TRUE,3/11/2024 12:30,R_6J9MGzzvDCvqEL5,,,,,32.0803,34.7805,anonymous,HE,25-30,גבר,צפון,רווק/ה,"10,000-20,000 ₪",חיוביים,במידה רבה,לא,במידה מועטה,כנראה שלא,לעיתים רחוקות,לא בריא,יותר מ-700,כנראה שלא,לא סביר,עד 60 ₪,new,old
3/11/2024 12:34,3/11/2024 12:36,IP Address,149.106.239.91,100,99,TRUE,3/11/2024 12:36,R_49tw2aeaHj7wytz,,,,,32.0803,34.7805,anonymous,HE,25-30,אישה,שפלה,רווק/ה,"עד 5,000 ₪",ניטראליים,במתינות,בכלל לא,במתינות,ניטראלי,לפעמים,מאוד לא בריא,500-600,כנראה שלא,ללא שינוי,עד 40 ₪,old,new
3/11/2024 12:40,3/11/2024 12:43,IP Address,2.54.162.96,100,180,TRUE,3/11/2024 12:43,R_42bEJKSlndZsmA7,,,,,32.0803,34.7805,anonymous,HE,18-25,אישה,גוש דן,רווק/ה,"10,000-20,000 ₪",חיוביים,במידה רבה,בכלל לא,בכלל לא,בכלל לא,אף פעם לא,ניטראלי,500-600,בהחלט לא,לא סביר כלל,עד 50 ₪,old,old
3/11/2024 12:47,3/11/2024 12:50,IP Address,176.12.179.119,100,205,TRUE,3/11/2024 12:50,R_70nbDLZmHnSDEbL,,,,,32.0803,34.7805,anonymous,HE,מעל 50,אישה,שפלה,אלמן/ה,"10,000-20,000 ₪",ניטראליים,בכלל לא,בכלל לא,במידה מועטה,בכלל לא,אף פעם לא,לא בריא,500-600,בהחלט לא,לא סביר כלל,עד 40 ₪,new,new
3/11/2024 12:49,3/11/2024 12:52,IP Address,84.229.58.79,100,172,TRUE,3/11/2024 12:52,R_2eJDtt3MwbNGuFi,,,,,32.0803,34.7805,anonymous,HE,18-25,גבר,גוש דן,רווק/ה,"10,000-20,000 ₪",חיוביים מאוד,בכלל לא,בכלל לא,במתינות,כנראה שכן,לעיתים רחוקות,מאוד לא בריא,500-600,בהחלט לא,לא סביר כלל,עד 40 ₪,old,new
3/11/2024 12:52,3/11/2024 12:56,IP Address,5.29.12.249,100,251,TRUE,3/11/2024 12:56,R_5PuxhHeP8aD3aG5,,,,,32.0123,34.7705,anonymous,HE,מעל 50,אישה,שפלה,רווק/ה,"7,500-10,000 ₪",ניטראליים,במידה רבה,לא,במידה מועטה,כנראה שלא,אף פעם לא,ניטראלי,600-700,כנראה שלא,לא סביר,עד 40 ₪,old,new
3/11/2024 13:09,3/11/2024 13:15,IP Address,2.55.2.76,100,355,TRUE,3/11/2024 13:15,R_3kTZSo5z1jJvJRv,,,,,32.0803,34.7805,anonymous,HE,18-25,גבר,דרום,רווק/ה,"עד 5,000 ₪",חיוביים,במידה רבה,לא,במידה מועטה,כנראה שכן,בתדירות גבוהה,ניטראלי,300-400,בהחלט לא,ללא שינוי,עד 60 ₪,new,old
3/11/2024 13:13,3/11/2024 13:15,IP Address,2.54.182.172,100,120,TRUE,3/11/2024 13:15,R_3hVEhHRocwvENxf,,,,,32.0803,34.7805,anonymous,HE,40-50,אישה,צפון,גרוש/ה,"7,500-10,000 ₪",חיוביים,מעט,בכלל לא,במידה רבה,כנראה שכן,לפעמים,לא בריא,500-600,ניטראלי,לא סביר,עד 40 ₪,new,old
3/11/2024 13:19,3/11/2024 13:21,IP Address,31.168.252.150,100,159,TRUE,3/11/2024 13:21,R_45ZTsW8F8asYejw,,,,,32.9705,35.1021,anonymous,HE,18-25,גבר,צפון,רווק/ה,"עד 5,000 ₪",חיוביים מאוד,במידה רבה,לא,במתינות,ניטראלי,לפעמים,ניטראלי,500-600,ניטראלי,סביר,עד 40 ₪,old,new
3/11/2024 14:10,3/11/2024 14:14,IP Address,2.54.160.98,100,276,TRUE,3/11/2024 14:14,R_4LdnWIzKUeJ6r5k,,,,,32.0803,34.7805,anonymous,HE,מעל 50,אישה,שפלה,נשוי/אה,אין לי הכנסה,ניטראליים,במידה רבה,לא,בכלל לא,כנראה שכן,לעיתים רחוקות,ניטראלי,300-400,כנראה שלא,סביר,עד 50 ₪,new,old
3/11/2024 14:13,3/11/2024 14:14,IP Address,147.235.213.157,100,89,TRUE,3/11/2024 14:14,R_43kMWQDnsv3Xcyt,,,,,32.7012,35.293,anonymous,HE,30-40,אישה,צפון,רווק/ה,"7,500-10,000 ₪",חיוביים,במתינות,לא,במתינות,כנראה שכן,אף פעם לא,מאוד לא בריא,500-600,ניטראלי,סביר,עד 50 ₪,new,old
3/11/2024 14:18,3/11/2024 14:23,IP Address,77.137.78.118,100,252,TRUE,3/11/2024 14:23,R_2062a3MOuvOpiEX,,,,,31.5,34.75,anonymous,HE,מעל 50,אישה,צפון,נשוי/אה,"10,000-20,000 ₪",ניטראליים,במידה רבה,לא,במידה רבה,כנראה שכן,אף פעם לא,לא בריא,300-400,כנראה שלא,לא סביר כלל,עד 40 ₪,new,old
3/11/2024 14:46,3/11/2024 14:49,IP Address,176.12.223.27,100,152,TRUE,3/11/2024 14:49,R_3spJNwJGGK6pqQF,,,,,32.0821,34.8122,anonymous,HE,18-25,גבר,גוש דן,רווק/ה,"עד 5,000 ₪",חיוביים,במידה רבה,בכלל לא,בכלל לא,כנראה שכן,לעיתים רחוקות,לא בריא,300-400,ניטראלי,ללא שינוי,עד 50 ₪,old,new
3/11/2024 14:52,3/11/2024 14:53,IP Address,147.235.211.40,100,96,TRUE,3/11/2024 14:53,R_4sLx7thuHL6LVV7,,,,,31.9642,34.7876,anonymous,HE,מעל 50,אישה,דרום,נשוי/אה,"10,000-20,000 ₪",ניטראליים,מעט,בכלל לא,בכלל לא,ניטראלי,לעיתים רחוקות,לא בריא,500-600,כנראה שלא,לא סביר,עד 40 ₪,new,old
3/11/2024 14:56,3/11/2024 15:01,IP Address,89.139.172.120,100,272,TRUE,3/11/2024 15:01,R_2yWxXopAvfMsrp7,,,,,32.0803,34.7805,anonymous,HE,מעל 50,אישה,שפלה,נשוי/אה,"עד 5,000 ₪",ניטראליים,מעט,לא,בכלל לא,בכלל לא,לעיתים רחוקות,לא בריא,יותר מ-700,בהחלט לא,לא סביר כלל,עד 40 ₪,old,old
3/11/2024 15:01,3/11/2024 15:05,IP Address,47.230.81.120,100,191,TRUE,3/11/2024 15:05,R_1cjFGTBwio7nRwS,,,,,40.7961,-73.9513,anonymous,HE,מעל 50,אישה,אני לא גר/ה בישראל,נשוי/אה,אין לי הכנסה,ניטראליים,במידה רבה,כן,במידה רבה,כנראה שכן,לפעמים,לא בריא,500-600,ניטראלי,סביר,עד 40 ₪,old,old
3/11/2024 15:04,3/11/2024 15:16,IP Address,2.54.61.96,100,760,TRUE,3/11/2024 15:16,R_42sAGbYM4yHdVtw,,,,,32.0803,34.7805,anonymous,HE,מעל 50,אישה,שפלה,נשוי/אה,"7,500-10,000 ₪",שליליים,במידה רבה,לא,במתינות,כנראה שכן,אף פעם לא,לא בריא,300-400,כנראה שלא,לא סביר,עד 40 ₪,old,new
3/11/2024 15:13,3/11/2024 15:17,IP Address,93.173.38.35,100,239,TRUE,3/11/2024 15:17,R_5V9J55poUrzdJn9,,,,,32.0803,34.7805,anonymous,HE,40-50,גבר,צפון,נשוי/אה,"מעל 20,000 ₪",חיוביים,במידה רבה,בכלל לא,במתינות,כנראה שכן,לעיתים רחוקות,לא בריא,600-700,בהחלט לא,ללא שינוי,עד 40 ₪,new,old
3/11/2024 15:15,3/11/2024 15:19,IP Address,62.219.162.19,100,209,TRUE,3/11/2024 15:19,R_4c6JADVmiQ61CGf,,,,,32.1693,34.882,anonymous,HE,מתחת ל-18,אישה,גוש דן,רווק/ה,אין לי הכנסה,שליליים,במתינות,לא,במידה רבה,כנראה שכן,לפעמים,לא בריא,500-600,כנראה שלא,לא סביר כלל,עד 50 ₪,new,old
3/11/2024 15:14,3/11/2024 15:20,IP Address,77.137.72.113,100,376,TRUE,3/11/2024 15:20,R_4OHgFrERsJ6c1Xu,,,,,31.5,34.75,anonymous,HE,מעל 50,אישה,שפלה,נשוי/אה,"10,000-20,000 ₪",שליליים,במידה רבה,בכלל לא,בכלל לא,כנראה שלא,לעיתים רחוקות,לא בריא,600-700,כנראה שלא,ללא שינוי,עד 40 ₪,old,old
3/11/2024 15:15,3/11/2024 15:21,IP Address,62.219.162.19,100,316,TRUE,3/11/2024 15:21,R_4S7B0Wm5AUV3Qv2,,,,,32.1693,34.882,anonymous,HE,40-50,אישה,גוש דן,נשוי/אה,"7,500-10,000 ₪",ניטראליים,בכלל לא,בכלל לא,במידה רבה,כנראה שכן,אף פעם לא,מאוד לא בריא,500-600,בהחלט לא,לא סביר כלל,עד 40 ₪,new,new
3/11/2024 15:15,3/11/2024 15:21,IP Address,188.64.206.50,100,386,TRUE,3/11/2024 15:21,R_4GlchtBr3dmpvPt,,,,,32.0803,34.7805,anonymous,HE,מעל 50,אישה,גוש דן,נשוי/אה,"10,000-20,000 ₪",ניטראליים,במידה רבה,לא,במידה מועטה,כנראה שלא,לעיתים רחוקות,מאוד לא בריא,300-400,ניטראלי,לא סביר,עד 50 ₪,new,new
3/11/2024 15:20,3/11/2024 15:23,IP Address,74.102.254.10,100,132,TRUE,3/11/2024 15:23,R_7H687BRQMyd3vzf,,,,,40.9864,-74.1112,anonymous,HE,40-50,אישה,אני לא גר/ה בישראל,נשוי/אה,אין לי הכנסה,ניטראליים,מעט,בכלל לא,במידה רבה,בכלל לא,לפעמים,לא בריא,500-600,בהחלט לא,לא סביר,עד 40 ₪,old,old
3/11/2024 15:25,3/11/2024 15:27,IP Address,87.68.224.173,100,165,TRUE,3/11/2024 15:27,R_4egZivQWxPfZARP,,,,,31.9011,34.8285,anonymous,HE,30-40,אישה,שפלה,נשוי/אה,"10,000-20,000 ₪",ניטראליים,במתינות,בכלל לא,במידה מועטה,כנראה שכן,לעיתים רחוקות,ניטראלי,300-400,ניטראלי,סביר,עד 50 ₪,new,new
3/11/2024 15:29,3/11/2024 15:31,IP Address,160.39.42.180,100,123,TRUE,3/11/2024 15:31,R_769WVSVSHyfl6f4,,,,,40.8,-73.9763,anonymous,HE,25-30,אישה,שרון,נשוי/אה,"5,000-7,500 ₪",שליליים,במידה רבה,כן,במידה מועטה,כנראה שכן,לעיתים רחוקות,מאוד לא בריא,יותר מ-700,בהחלט לא,לא סביר כלל,עד 40 ₪,old,old
3/11/2024 15:36,3/11/2024 15:39,IP Address,212.143.158.239,100,170,TRUE,3/11/2024 15:39,R_2e9NkwF3j4lVOc1,,,,,32.816,34.9821,anonymous,HE,25-30,גבר,צפון,רווק/ה,"5,000-7,500 ₪",חיוביים,במידה רבה,ניטראלי,במידה מועטה,כנראה שלא,לפעמים,מאוד לא בריא,500-600,כנראה שלא,סביר,עד 60 ₪,old,new
3/11/2024 15:37,3/11/2024 15:40,IP Address,89.139.137.111,100,168,TRUE,3/11/2024 15:40,R_2CHkBTZkY7yaNnT,,,,,32.0803,34.7805,anonymous,HE,מעל 50,אישה,צפון,נשוי/אה,"10,000-20,000 ₪",ניטראליים,במתינות,לא,במידה מועטה,כנראה שכן,אף פעם לא,מאוד לא בריא,500-600,כנראה שלא,לא סביר כלל,עד 40 ₪,new,new
3/11/2024 16:19,3/11/2024 16:21,IP Address,2.54.168.255,100,127,TRUE,3/11/2024 16:21,R_4cC0GLCkblfcW3L,,,,,32.0803,34.7805,anonymous,HE,25-30,אישה,דרום,רווק/ה,"10,000-20,000 ₪",ניטראליים,במידה רבה,בכלל לא,בכלל לא,כנראה שכן,לעיתים רחוקות,מאוד לא בריא,יותר מ-700,כנראה שלא,לא סביר כלל,עד 50 ₪,old,old
3/11/2024 16:31,3/11/2024 16:34,IP Address,77.125.203.205,100,184,TRUE,3/11/2024 16:34,R_27EG2Etfk58n6RO,,,,,32.0803,34.7805,anonymous,HE,25-30,אישה,גוש דן,רווק/ה,"עד 5,000 ₪",חיוביים,במתינות,לא,בכלל לא,ניטראלי,לפעמים,מאוד לא בריא,300-400,כנראה שלא,לא סביר,עד 50 ₪,new,old
3/11/2024 16:38,3/11/2024 16:40,IP Address,85.250.7.50,100,151,TRUE,3/11/2024 16:40,R_1D8E6LIIB5oIdIj,,,,,32.0803,34.7805,anonymous,HE,מעל 50,אישה,צפון,נשוי/אה,"מעל 20,000 ₪",שליליים,במידה רבה,בכלל לא,בכלל לא,כנראה שכן,אף פעם לא,לא בריא,500-600,בהחלט לא,לא סביר,עד 40 ₪,new,old
3/11/2024 17:04,3/11/2024 17:06,IP Address,212.117.135.34,100,124,TRUE,3/11/2024 17:06,R_4NEqVv113KlcJSZ,,,,,32.1693,34.882,anonymous,HE,18-25,אישה,צפון,רווק/ה,"10,000-20,000 ₪",חיוביים,במידה רבה,בכלל לא,במידה רבה,כנראה שכן,לעיתים רחוקות,לא בריא,500-600,ניטראלי,לא סביר,עד 40 ₪,old,old
3/11/2024 17:06,3/11/2024 17:08,IP Address,87.71.180.206,100,129,TRUE,3/11/2024 17:08,R_4vifjWRWdiYnAbX,,,,,32.1678,34.8205,anonymous,HE,30-40,אישה,שרון,נשוי/אה,"10,000-20,000 ₪",שליליים,במידה רבה,בכלל לא,במידה מועטה,כנראה שלא,לעיתים רחוקות,מאוד לא בריא,300-400,בהחלט לא,לא סביר,עד 40 ₪,old,new
3/11/2024 17:10,3/11/2024 17:14,IP Address,87.71.78.230,100,236,TRUE,3/11/2024 17:14,R_44AWhPKtpjzZqDs,,,,,32.1678,34.8205,anonymous,HE,25-30,גבר,צפון,רווק/ה,"7,500-10,000 ₪",חיוביים מאוד,במידה רבה,בכלל לא,במידה רבה,כנראה שכן,אף פעם לא,מאוד לא בריא,600-700,בהחלט לא,לא סביר,עד 50 ₪,new,new
3/11/2024 17:19,3/11/2024 17:22,IP Address,176.12.176.221,100,189,TRUE,3/11/2024 17:22,R_7huXWqIKiWh9mXC,,,,,32.0803,34.7805,anonymous,HE,מעל 50,אישה,צפון,נשוי/אה,"7,500-10,000 ₪",חיוביים,במתינות,לא,במתינות,ניטראלי,אף פעם לא,לא בריא,500-600,כנראה שלא,לא סביר כלל,עד 40 ₪,new,old
3/11/2024 17:28,3/11/2024 17:30,IP Address,46.19.85.47,100,146,TRUE,3/11/2024 17:30,R_4q4s4VSRzMigCy3,,,,,32.0821,34.8122,anonymous,HE,30-40,אישה,צפון,נשוי/אה,"10,000-20,000 ₪",שליליים,מעט,בכלל לא,במידה רבה,בכלל לא,לעיתים רחוקות,מאוד לא בריא,300-400,כנראה שלא,לא סביר,עד 40 ₪,new,old
3/11/2024 17:33,3/11/2024 17:35,IP Address,188.64.207.109,100,128,TRUE,3/11/2024 17:35,R_4C9DMlLLRPibo1a,,,,,32.0803,34.7805,anonymous,HE,30-40,אישה,צפון,נשוי/אה,"10,000-20,000 ₪",חיוביים,במידה רבה,לא,במידה מועטה,כנראה שכן,בתדירות גבוהה,בריא,500-600,כנראה שכן,סביר,עד 50 ₪,new,old
3/11/2024 17:33,3/11/2024 17:37,IP Address,76.219.187.46,100,239,TRUE,3/11/2024 17:37,R_2KseuDzyMiH6ioF,,,,,34.1957,-118.6466,anonymous,HE,מעל 50,אישה,אני לא גר/ה בישראל,נשוי/אה,"7,500-10,000 ₪",חיוביים,במידה רבה,לא,במידה רבה,כנראה שכן,לעיתים רחוקות,לא בריא,500-600,כנראה שלא,לא סביר כלל,עד 40 ₪,old,new
3/11/2024 17:54,3/11/2024 17:57,IP Address,2.52.8.95,100,190,TRUE,3/11/2024 17:57,R_42uarmOdhmNlYgZ,,,,,32.0803,34.7805,anonymous,HE,מעל 50,אישה,צפון,נשוי/אה,"7,500-10,000 ₪",חיוביים,מעט,לא,במתינות,כנראה שכן,אף פעם לא,מאוד לא בריא,600-700,בהחלט לא,לא סביר כלל,עד 40 ₪,old,old
3/11/2024 17:59,3/11/2024 18:12,IP Address,188.64.206.204,100,787,TRUE,3/11/2024 18:12,R_493isDzNsKK8LPb,,,,,32.0803,34.7805,anonymous,HE,30-40,אישה,צפון,נשוי/אה,"7,500-10,000 ₪",חיוביים,במידה רבה,לא,במידה מועטה,ניטראלי,לעיתים רחוקות,לא בריא,יותר מ-700,כנראה שלא,לא סביר,עד 40 ₪,old,new
3/11/2024 18:25,3/11/2024 18:28,IP Address,2.52.131.241,100,216,TRUE,3/11/2024 18:28,R_4GdicYcenphuyua,,,,,32.0803,34.7805,anonymous,HE,מתחת ל-18,אישה,גוש דן,רווק/ה,"עד 5,000 ₪",חיוביים,במידה רבה,לא,במתינות,כנראה שכן,לעיתים רחוקות,לא בריא,600-700,כנראה שלא,לא סביר,עד 40 ₪,old,new
3/11/2024 18:30,3/11/2024 18:32,IP Address,176.12.227.208,100,163,TRUE,3/11/2024 18:32,R_4wQxYiGbRMbs2rp,,,,,32.0803,34.7805,anonymous,HE,מעל 50,אישה,שרון,גרוש/ה,"10,000-20,000 ₪",חיוביים,במידה רבה,בכלל לא,בכלל לא,כנראה שלא,אף פעם לא,מאוד לא בריא,500-600,בהחלט לא,לא סביר כלל,עד 40 ₪,old,new
3/11/2024 18:32,3/11/2024 18:35,IP Address,141.226.89.140,100,175,TRUE,3/11/2024 18:35,R_47qY6igIMkFSIzJ,,,,,32.0803,34.7805,anonymous,HE,40-50,אישה,צפון,נשוי/אה,"7,500-10,000 ₪",חיוביים,במידה רבה,לא,במידה רבה,ניטראלי,לעיתים רחוקות,לא בריא,500-600,כנראה שלא,לא סביר,עד 40 ₪,new,new
3/11/2024 18:46,3/11/2024 18:49,IP Address,176.12.145.33,100,170,TRUE,3/11/2024 18:49,R_4PyYbkeGTHsRlij,,,,,32.0803,34.7805,anonymous,HE,30-40,אישה,צפון,נשוי/אה,"7,500-10,000 ₪",ניטראליים,במידה רבה,לא,במידה רבה,כנראה שכן,לעיתים רחוקות,מאוד לא בריא,500-600,ניטראלי,לא סביר,עד 60 ₪,new,new
3/11/2024 19:23,3/11/2024 19:26,IP Address,176.12.137.90,100,188,TRUE,3/11/2024 19:26,R_8rwGJktCBbm3Cna,,,,,32.0803,34.7805,anonymous,HE,מתחת ל-18,גבר,שרון,רווק/ה,"עד 5,000 ₪",חיוביים,במתינות,בכלל לא,בכלל לא,כנראה שלא,לפעמים,לא בריא,300-400,כנראה שכן,סביר,עד 50 ₪,old,new
3/11/2024 19:24,3/11/2024 19:30,IP Address,31.168.68.116,100,371,TRUE,3/11/2024 19:30,R_4viDLnrNqnLOYD7,,,,,32.1772,34.9039,anonymous,HE,25-30,גבר,שרון,רווק/ה,"10,000-20,000 ₪",חיוביים,מעט,בכלל לא,בכלל לא,כנראה שכן,לפעמים,לא בריא,600-700,כנראה שלא,ללא שינוי,עד 50 ₪,old,new
3/11/2024 19:33,3/11/2024 19:36,IP Address,147.235.192.39,100,157,TRUE,3/11/2024 19:36,R_4jSVHctRax55gpH,,,,,32.0803,34.7805,anonymous,HE,25-30,אישה,גוש דן,רווק/ה,"5,000-7,500 ₪",ניטראליים,במידה רבה,לא,במידה מועטה,ניטראלי,לפעמים,לא בריא,500-600,ניטראלי,סביר,עד 50 ₪,old,old
3/11/2024 18:53,3/11/2024 19:42,IP Address,79.178.246.234,100,2984,TRUE,3/11/2024 19:42,R_4Y28VxG9pfVesRX,,,,,32.0803,34.7805,anonymous,HE,מעל 50,אישה,צפון,נשוי/אה,"מעל 20,000 ₪",חיוביים מאוד,במידה רבה,ניטראלי,במתינות,בכלל לא,אף פעם לא,ניטראלי,500-600,כנראה שלא,לא סביר כלל,עד 40 ₪,old,old
3/11/2024 19:45,3/11/2024 19:47,IP Address,77.125.246.51,100,117,TRUE,3/11/2024 19:47,R_4Lcn7jyqpbqRP6Q,,,,,32.0803,34.7805,anonymous,HE,25-30,גבר,גוש דן,רווק/ה,"10,000-20,000 ₪",חיוביים,במתינות,כן,במידה מועטה,ניטראלי,לעיתים רחוקות,לא בריא,600-700,כנראה שכן,לא סביר,עד 50 ₪,new,old
3/11/2024 19:53,3/11/2024 19:55,IP Address,83.130.116.97,100,114,TRUE,3/11/2024 19:55,R_48Tm2nO4cBhcaZJ,,,,,32.0803,34.7805,anonymous,HE,25-30,גבר,שרון,נשוי/אה,"מעל 20,000 ₪",חיוביים,במתינות,לא,בכלל לא,ניטראלי,לעיתים רחוקות,לא בריא,300-400,כנראה שלא,לא סביר,עד 50 ₪,new,new
3/11/2024 20:13,3/11/2024 20:17,IP Address,2.54.54.213,100,252,TRUE,3/11/2024 20:17,R_4g5zLTKjkBTPAZl,,,,,32.0803,34.7805,anonymous,HE,18-25,אישה,צפון,רווק/ה,אין לי הכנסה,שליליים,במידה רבה,ניטראלי,במידה מועטה,כנראה שכן,אף פעם לא,מאוד לא בריא,300-400,בהחלט לא,לא סביר כלל,עד 40 ₪,new,new
3/11/2024 20:19,3/11/2024 20:21,IP Address,77.137.79.176,100,97,TRUE,3/11/2024 20:21,R_4cjsOETMQwXcI5L,,,,,31.5,34.75,anonymous,HE,18-25,אישה,דרום,רווק/ה,"5,000-7,500 ₪",ניטראליים,במתינות,לא,במידה מועטה,כנראה שכן,לפעמים,מאוד לא בריא,יותר מ-700,כנראה שלא,סביר מאוד,עד 50 ₪,old,new
3/11/2024 20:22,3/11/2024 20:24,IP Address,77.137.78.123,100,112,TRUE,3/11/2024 20:24,R_3VpTV47Ok3S48Rr,,,,,31.5,34.75,anonymous,HE,18-25,גבר,צפון,רווק/ה,אין לי הכנסה,ניטראליים,מעט,ניטראלי,במתינות,ניטראלי,לעיתים רחוקות,לא בריא,300-400,כנראה שלא,לא סביר,עד 40 ₪,new,old
3/11/2024 20:32,3/11/2024 20:34,IP Address,109.253.190.232,100,147,TRUE,3/11/2024 20:34,R_2LInGqFdBhfRFvB,,,,,32.0803,34.7805,anonymous,HE,18-25,אישה,צפון,רווק/ה,"7,500-10,000 ₪",חיוביים,במתינות,לא,בכלל לא,כנראה שכן,אף פעם לא,מאוד לא בריא,500-600,בהחלט לא,לא סביר כלל,עד 40 ₪,new,new
3/11/2024 20:44,3/11/2024 20:46,IP Address,77.125.246.118,100,134,TRUE,3/11/2024 20:46,R_50TKzbnqH215yXP,,,,,32.0803,34.7805,anonymous,HE,25-30,גבר,גוש דן,נשוי/אה,"מעל 20,000 ₪",חיוביים,במתינות,בכלל לא,במתינות,ניטראלי,לעיתים רחוקות,לא בריא,300-400,כנראה שלא,לא סביר,עד 60 ₪,old,new
3/11/2024 21:16,3/11/2024 21:20,IP Address,109.253.200.63,100,258,TRUE,3/11/2024 21:20,R_57S541oYLy0ja1P,,,,,31.7674,35.2186,anonymous,HE,18-25,גבר,שרון,רווק/ה,אין לי הכנסה,חיוביים,במידה רבה,ניטראלי,במידה מועטה,באופן וודאי,לעיתים רחוקות,לא בריא,300-400,כנראה שכן,לא סביר,עד 40 ₪,new,new
3/11/2024 21:36,3/11/2024 21:38,IP Address,147.235.199.176,100,134,TRUE,3/11/2024 21:38,R_4AwA2JOm31mmlsl,,,,,31.7674,35.2186,anonymous,HE,18-25,אישה,דרום,רווק/ה,אין לי הכנסה,חיוביים,במתינות,לא,במתינות,כנראה שכן,לפעמים,לא בריא,500-600,בהחלט לא,סביר,עד 50 ₪,old,new
3/11/2024 21:37,3/11/2024 21:40,IP Address,46.117.195.113,100,172,TRUE,3/11/2024 21:40,R_8sBJmRNi26Fxufr,,,,,32.0803,34.7805,anonymous,HE,מתחת ל-18,אישה,גוש דן,רווק/ה,אין לי הכנסה,חיוביים מאוד,מעט,לא,במתינות,כנראה שכן,לעיתים רחוקות,לא בריא,300-400,כנראה שלא,לא סביר כלל,עד 40 ₪,new,new
3/11/2024 21:41,3/11/2024 21:43,IP Address,46.117.195.113,100,145,TRUE,3/11/2024 21:43,R_81FSWcZdfkykvFm,,,,,32.0803,34.7805,anonymous,HE,מעל 50,אישה,גוש דן,נשוי/אה,"מעל 20,000 ₪",חיוביים,במידה רבה,לא,במידה מועטה,כנראה שכן,אף פעם לא,לא בריא,500-600,בהחלט לא,לא סביר כלל,עד 40 ₪,old,new
3/11/2024 21:43,3/11/2024 21:46,IP Address,147.235.208.189,100,196,TRUE,3/11/2024 21:46,R_4gLpX98CKZ8RsT7,,,,,32.816,34.9821,anonymous,HE,מעל 50,גבר,צפון,נשוי/אה,"7,500-10,000 ₪",חיוביים,במתינות,בכלל לא,בכלל לא,בכלל לא,לעיתים רחוקות,לא בריא,יותר מ-700,כנראה שלא,לא סביר,עד 40 ₪,old,new
3/11/2024 21:45,3/11/2024 21:47,IP Address,46.117.195.113,100,153,TRUE,3/11/2024 21:47,R_2Ec1TwONUVloegH,,,,,32.0803,34.7805,anonymous,HE,מתחת ל-18,גבר,גוש דן,רווק/ה,אין לי הכנסה,חיוביים מאוד,במידה רבה,בכלל לא,בכלל לא,ניטראלי,לעיתים רחוקות,מאוד לא בריא,500-600,בהחלט לא,לא סביר,עד 40 ₪,old,new
3/11/2024 21:41,3/11/2024 21:47,IP Address,46.117.195.113,100,393,TRUE,3/11/2024 21:47,R_8ht2X59qQIvrfVd,,,,,32.0803,34.7805,anonymous,HE,מתחת ל-18,אישה,גוש דן,רווק/ה,אין לי הכנסה,חיוביים,במתינות,לא,במתינות,כנראה שכן,לפעמים,לא בריא,600-700,בהחלט לא,ללא שינוי,עד 40 ₪,new,new
3/11/2024 22:38,3/11/2024 22:41,IP Address,85.65.148.84,100,187,TRUE,3/11/2024 22:41,R_533rLXzxOYdT10A,,,,,32.0803,34.7805,anonymous,HE,40-50,אישה,גוש דן,נשוי/אה,"מעל 20,000 ₪",חיוביים מאוד,במידה רבה,בהחלט כן,במידה מועטה,כנראה שכן,לעיתים רחוקות,מאוד לא בריא,יותר מ-700,בהחלט לא,לא סביר כלל,עד 40 ₪,old,new
3/12/2024 12:29,3/12/2024 12:31,IP Address,2.54.53.120,100,166,TRUE,3/12/2024 12:31,R_4kYYbSvAc9rkOXx,,,,,32.0803,34.7805,anonymous,HE,40-50,אישה,שפלה,נשוי/אה,"עד 5,000 ₪",חיוביים,במידה רבה,בכלל לא,במידה רבה,כנראה שכן,אף פעם לא,לא בריא,300-400,בהחלט לא,לא סביר כלל,עד 40 ₪,new,new
3/12/2024 12:40,3/12/2024 12:50,IP Address,5.29.0.228,100,583,TRUE,3/12/2024 12:50,R_2uNozDOJyvAGSHL,,,,,32.816,34.9821,anonymous,HE,18-25,אישה,צפון,רווק/ה,"עד 5,000 ₪",ניטראליים,מעט,לא,בכלל לא,כנראה שכן,לפעמים,לא בריא,600-700,בהחלט לא,סביר,עד 40 ₪,new,new
3/12/2024 12:58,3/12/2024 13:00,IP Address,176.12.190.167,100,93,TRUE,3/12/2024 13:00,R_2TInQUJUaXxQ5Zn,,,,,32.0803,34.7805,anonymous,HE,18-25,אישה,צפון,רווק/ה,"עד 5,000 ₪",חיוביים,במתינות,בכלל לא,בכלל לא,כנראה שלא,לפעמים,ניטראלי,פחות מ-300,כנראה שלא,ללא שינוי,עד 50 ₪,new,new
3/12/2024 12:39,3/12/2024 13:33,IP Address,147.235.215.82,100,3248,TRUE,3/12/2024 13:33,R_4y11fPRtXIXYqLb,,,,,31.9642,34.7876,anonymous,HE,18-25,אישה,שפלה,רווק/ה,"5,000-7,500 ₪",ניטראליים,במידה רבה,ניטראלי,במידה רבה,כנראה שכן,לעיתים רחוקות,ניטראלי,300-400,כנראה שכן,לא סביר,עד 40 ₪,new,new
3/11/2024 11:16,3/12/2024 13:59,IP Address,5.28.180.228,100,96180,TRUE,3/12/2024 13:59,R_1OxiSZzcuu2fmKu,,,,,31.7674,35.2186,anonymous,HE,מעל 50,אישה,שפלה,נשוי/אה,"7,500-10,000 ₪",חיוביים מאוד,מעט,בכלל לא,במידה רבה,כנראה שכן,אף פעם לא,לא בריא,300-400,בהחלט לא,לא סביר כלל,עד 40 ₪,old,new
3/12/2024 14:01,3/12/2024 14:06,IP Address,77.137.70.237,100,312,TRUE,3/12/2024 14:06,R_2LcHdSVD0nlViw3,,,,,31.5,34.75,anonymous,HE,מעל 50,אישה,שפלה,אלמן/ה,"10,000-20,000 ₪",שליליים,במידה רבה,לא,במידה רבה,בכלל לא,לעיתים רחוקות,לא בריא,500-600,כנראה שלא,ללא שינוי,עד 40 ₪,new,new
3/12/2024 15:20,3/12/2024 15:23,IP Address,31.193.185.13,100,188,TRUE,3/12/2024 15:23,R_4ktzD3cWidEwOvK,,,,,32.8051,35.379,anonymous,HE,מעל 50,אישה,צפון,נשוי/אה,"7,500-10,000 ₪",חיוביים,במתינות,לא,במידה מועטה,כנראה שלא,לעיתים רחוקות,ניטראלי,פחות מ-300,כנראה שלא,ללא שינוי,עד 50 ₪,old,old
3/12/2024 17:03,3/12/2024 17:07,IP Address,2.54.37.190,100,211,TRUE,3/12/2024 17:07,R_4hMQXCk8bnzHj2m,,,,,32.0803,34.7805,anonymous,HE,25-30,גבר,גוש דן,רווק/ה,"7,500-10,000 ₪",שליליים,במידה רבה,ניטראלי,במידה מועטה,ניטראלי,לפעמים,לא בריא,יותר מ-700,בהחלט לא,סביר,עד 60 ₪,old,old
3/13/2024 9:55,3/13/2024 9:58,IP Address,77.126.6.231,100,165,TRUE,3/13/2024 9:58,R_4dNHvFtDxBb0Cxr,,,,,32.0803,34.7805,anonymous,HE,18-25,גבר,שרון,רווק/ה,"5,000-7,500 ₪",חיוביים,במתינות,ניטראלי,במידה מועטה,ניטראלי,בתדירות גבוהה,ניטראלי,300-400,כנראה שלא,סביר מאוד,עד 60 ₪,old,new
3/13/2024 11:27,3/13/2024 11:31,IP Address,147.235.215.252,100,216,TRUE,3/13/2024 11:31,R_4pxRTd06hwcrYYU,,,,,32.8338,35.2546,anonymous,HE,25-30,אישה,צפון,נשוי/אה,"10,000-20,000 ₪",חיוביים,מעט,בכלל לא,במתינות,כנראה שלא,לעיתים רחוקות,לא בריא,300-400,ניטראלי,לא סביר,עד 40 ₪,new,old
3/13/2024 11:31,3/13/2024 11:34,IP Address,147.235.215.252,100,169,TRUE,3/13/2024 11:34,R_4mEhSy8oniGTYEP,,,,,32.8338,35.2546,anonymous,HE,30-40,אישה,צפון,נשוי/אה,"10,000-20,000 ₪",ניטראליים,במתינות,ניטראלי,במידה רבה,ניטראלי,לעיתים רחוקות,לא בריא,500-600,בהחלט לא,לא סביר,עד 40 ₪,old,old
3/13/2024 12:14,3/13/2024 12:18,IP Address,147.235.215.252,100,268,TRUE,3/13/2024 12:18,R_4if9RW5dVrBIWv6,,,,,32.8338,35.2546,anonymous,HE,25-30,גבר,צפון,נשוי/אה,"מעל 20,000 ₪",חיוביים,במתינות,לא,במידה רבה,כנראה שלא,לעיתים רחוקות,לא בריא,500-600,בהחלט לא,לא סביר כלל,עד 40 ₪,old,old
3/14/2024 13:31,3/14/2024 13:32,IP Address,89.139.50.105,100,56,TRUE,3/14/2024 13:32,R_5ud08Co6ndCpx5f,,,,,32.0803,34.7805,anonymous,HE,25-30,גבר,שרון,רווק/ה,"10,000-20,000 ₪",חיוביים,במתינות,לא,במידה מועטה,כנראה שלא,בתדירות גבוהה,ניטראלי,600-700,ניטראלי,סביר,עד 50 ₪,old,old
3/14/2024 13:31,3/14/2024 13:34,IP Address,77.137.73.119,100,210,TRUE,3/14/2024 13:34,R_277rdwxitJQxkhL,,,,,31.5,34.75,anonymous,HE,18-25,אישה,גוש דן,רווק/ה,"עד 5,000 ₪",שליליים,במידה רבה,ניטראלי,במידה מועטה,כנראה שכן,לעיתים רחוקות,מאוד לא בריא,600-700,כנראה שלא,לא סביר,עד 60 ₪,old,old
3/11/2024 11:03,3/15/2024 16:02,IP Address,89.139.50.105,100,363581,TRUE,3/15/2024 16:02,R_4zT85lDSqU1CZOh,,,,,32.0803,34.7805,anonymous,HE,30-40,גבר,צפון,נשוי/אה,"10,000-20,000 ₪",חיוביים,במתינות,ניטראלי,במידה מועטה,כנראה שלא,לעיתים רחוקות,לא בריא,300-400,כנראה שכן,ללא שינוי,עד 50 ₪,new,old
3/11/2024 10:36,3/11/2024 10:37,IP Address,141.226.17.3,81,84,FALSE,3/18/2024 10:37,R_8LMaqYzfo0KqeXW,,,,,,,anonymous,HE,25-30,גבר,שפלה,רווק/ה,"10,000-20,000 ₪",חיוביים מאוד,במתינות,ניטראלי,במידה רבה,כנראה שכן,לעיתים רחוקות,לא בריא,,,,,new,new
3/11/2024 10:40,3/11/2024 10:40,IP Address,89.139.226.125,5,8,FALSE,3/18/2024 10:40,R_2qxUSTYJDvzssHt,,,,,,,anonymous,HE,,,,,,,,,,,,,,,,,old,new
3/11/2024 11:12,3/11/2024 11:14,IP Address,2.54.177.87,81,111,FALSE,3/18/2024 11:21,R_42Voyqzt79E0pph,,,,,,,anonymous,HE,מעל 50,אישה,שפלה,נשוי/אה,"7,500-10,000 ₪",ניטראליים,מעט,לא,בכלל לא,ניטראלי,אף פעם לא,ניטראלי,,,,,new,old
3/11/2024 11:21,3/11/2024 11:23,IP Address,5.29.21.228,71,143,FALSE,3/18/2024 11:23,R_22gwN1SbtCZKnir,,,,,,,anonymous,HE,25-30,אישה,גוש דן,רווק/ה,"10,000-20,000 ₪",חיוביים,במידה רבה,ניטראלי,במידה מועטה,כנראה שכן,אף פעם לא,ניטראלי,,,,,new,old
3/11/2024 11:45,3/11/2024 11:45,IP Address,2.53.170.84,5,9,FALSE,3/18/2024 11:52,R_4VlRI37uRMtLkrk,,,,,,,anonymous,HE,,,,,,,,,,,,,,,,,old,old
3/11/2024 11:45,3/11/2024 11:46,IP Address,2.54.184.230,43,58,FALSE,3/18/2024 11:52,R_4QLPoB3D1LYIFIi,,,,,,,anonymous,HE,מעל 50,גבר,שפלה,נשוי/אה,"מעל 20,000 ₪",חיוביים,מעט,בכלל לא,,,,,,,,,old,new
3/11/2024 11:57,3/11/2024 11:59,IP Address,147.236.231.190,33,65,FALSE,3/18/2024 11:59,R_3qpBpqE5Ep5MiPU,,,,,,,anonymous,HE,מתחת ל-18,גבר,שפלה,רווק/ה,"מעל 20,000 ₪",חיוביים מאוד,,,,,,,,,,,new,old
3/11/2024 12:07,3/11/2024 12:07,IP Address,2.53.170.179,5,11,FALSE,3/18/2024 12:07,R_4wQOIFyPeeyu4sV,,,,,,,anonymous,HE,,,,,,,,,,,,,,,,,new,new
3/11/2024 12:09,3/11/2024 12:09,IP Address,46.117.221.182,62,48,FALSE,3/18/2024 12:09,R_5qkrtYcBKYa39se,,,,,,,anonymous,HE,25-30,גבר,שפלה,רווק/ה,"10,000-20,000 ₪",ניטראליים,במידה רבה,בכלל לא,בכלל לא,בכלל לא,,,,,,,new,new
3/11/2024 12:13,3/11/2024 12:16,IP Address,2.54.46.198,52,232,FALSE,3/18/2024 12:17,R_4s1KuPlApA5jmeN,,,,,,,anonymous,HE,מעל 50,גבר,צפון,אלמן/ה,"10,000-20,000 ₪",חיוביים,בכלל לא,ניטראלי,,,,,,,,,new,new
3/11/2024 13:38,3/11/2024 13:39,IP Address,167.220.205.97,43,74,FALSE,3/18/2024 13:40,R_4nVmQ9UUWaLRwA0,,,,,,,anonymous,HE,18-25,אישה,גוש דן,רווק/ה,"5,000-7,500 ₪",חיוביים,במידה רבה,ניטראלי,,,,,,,,,new,old
3/11/2024 13:42,3/11/2024 13:42,IP Address,87.70.9.174,5,12,FALSE,3/18/2024 13:42,R_497WG8wGckHxNYd,,,,,,,anonymous,HE,,,,,,,,,,,,,,,,,new,new
3/11/2024 14:11,3/11/2024 14:12,IP Address,141.226.232.74,43,60,FALSE,3/18/2024 14:12,R_2VuWtFnLBBl7lJf,,,,,,,anonymous,HE,30-40,גבר,גוש דן,נשוי/אה,"10,000-20,000 ₪",חיוביים מאוד,מעט,ניטראלי,,,,,,,,,old,new
3/11/2024 14:44,3/11/2024 14:45,IP Address,176.113.94.129,5,41,FALSE,3/18/2024 14:45,R_3sp5ip7e8Y1TCqB,,,,,,,anonymous,HE,,,,,,,,,,,,,,,,,old,new
3/11/2024 11:50,3/11/2024 15:28,IP Address,2.54.166.176,81,13031,FALSE,3/18/2024 15:28,R_4MTevDz4o29MpmU,,,,,,,anonymous,HE,מעל 50,אישה,צפון,נשוי/אה,"10,000-20,000 ₪",ניטראליים,במתינות,בכלל לא,במידה רבה,כנראה שכן,לעיתים רחוקות,לא בריא,,,,,old,new
3/11/2024 19:48,3/11/2024 19:49,IP Address,2.54.57.242,43,83,FALSE,3/18/2024 19:49,R_4DOn57sK9UGdTgN,,,,,,,anonymous,HE,25-30,גבר,גוש דן,רווק/ה,"10,000-20,000 ₪",ניטראליים,במתינות,ניטראלי,,,,,,,,,new,old
3/11/2024 20:36,3/11/2024 20:36,IP Address,213.137.72.112,5,7,FALSE,3/18/2024 20:36,R_4gO88bpQ5Y3ncJP,,,,,,,anonymous,HE,,,,,,,,,,,,,,,,,new,old
3/11/2024 22:12,3/11/2024 22:12,IP Address,85.250.216.193,52,55,FALSE,3/18/2024 22:13,R_2IAv270m4jmd4Ax,,,,,,,anonymous,HE,25-30,גבר,גוש דן,רווק/ה,"10,000-20,000 ₪",חיוביים,במתינות,ניטראלי,,,,,,,,,new,new
3/11/2024 17:14,3/12/2024 9:20,IP Address,147.235.209.131,5,57971,FALSE,3/19/2024 9:20,R_4rPnHvbXECuAOWW,,,,,,,anonymous,HE,,,,,,,,,,,,,,,,,new,old
3/18/2024 19:55,3/18/2024 19:57,IP Address,77.138.100.251,81,144,FALSE,3/25/2024 19:57,R_41vB1DseeEDi589,,,,,,,anonymous,HE,40-50,אישה,צפון,נשוי/אה,"מעל 20,000 ₪",חיוביים,במידה רבה,בכלל לא,במידה מועטה,כנראה שכן,לעיתים רחוקות,לא בריא,,,,,old,new
3/19/2024 21:17,3/19/2024 21:18,IP Address,46.121.173.2,5,17,FALSE,3/26/2024 21:18,R_4MSU9Dg0F3hxRzu,,,,,,,anonymous,HE,,,,,,,,,,,,,,,,,new,old
